address,apartment_feature,apartment_type,area,balconydirection,block,direction,floornumber,furnishing_sell,price,price_m2,property_legal_document,property_status,region,rooms,size,toilets,unitnumber,ward
"Đường Xa Lộ Hà Nội, Phường Hố Nai, Thành phố Biên Hòa, Đồng Nai",Căn góc,Chung cư,Thành phố Biên Hòa,,Clever,,15,Hoàn thiện cơ bản,2200000000,"30,14 triệu/m²",Đã có sổ,Chưa bàn giao,Đồng Nai,2 phòng,73 m²,2 phòng,,Phường Hố Nai
"Đường Võ Thị Sáu, Phường Thống Nhất, Thành phố Biên Hòa, Đồng Nai",,Chung cư,Thành phố Biên Hòa,,A,,12,Hoàn thiện cơ bản,2380000000,"30,91 triệu/m²",Đang chờ sổ,Đã bàn giao,Đồng Nai,2 phòng,77 m²,2 phòng,,Phường Thống Nhất
"368 Đường Xa Lộ Hà Nội, Phường Hố Nai, Thành phố Biên Hòa, Tỉnh Đồng Nai., Phường Hố Nai, Thành phố Biên Hòa, Đồng Nai",,Chung cư,Thành phố Biên Hòa,,Passion,,12,Nội thất cao cấp,2200000000,"31,43 triệu/m²",Đang chờ sổ,Chưa bàn giao,Đồng Nai,2 phòng,70 m²,2 phòng,,Phường Hố Nai
"368 Đường Xa Lộ Hà Nội, Phường Hố Nai, Thành phố Biên Hòa, Tỉnh Đồng Nai., Phường Hố Nai, Thành phố Biên Hòa, Đồng Nai",Căn góc,Chung cư,Thành phố Biên Hòa,Đông,,Đông Nam,,Nội thất cao cấp,1600000000,"21,92 triệu/m²",Đang chờ sổ,Chưa bàn giao,Đồng Nai,2 phòng,73 m²,2 phòng,,Phường Hố Nai
"Đường D9, Phường Thống Nhất, Thành phố Biên Hòa, Đồng Nai",,Chung cư,Thành phố Biên Hòa,,,,,Nội thất cao cấp,2490000000,"32,34 triệu/m²",Đã có sổ,Đã bàn giao,Đồng Nai,2 phòng,77 m²,2 phòng,,Phường Thống Nhất
"368 Đường Xa Lộ Hà Nội, Phường Hố Nai, Thành phố Biên Hòa, Tỉnh Đồng Nai., Phường Hố Nai, Thành phố Biên Hòa, Đồng Nai",,Chung cư,Thành phố Biên Hòa,,,,,Nội thất cao cấp,1650000000,"22,3 triệu/m²",Đang chờ sổ,Chưa bàn giao,Đồng Nai,2 phòng,74 m²,2 phòng,,Phường Hố Nai
"Đường Xa Lộ Hà Nội, Phường Hố Nai, Thành phố Biên Hòa, Đồng Nai",,Chung cư,Thành phố Biên Hòa,,,,,Hoàn thiện cơ bản,675000000,9 triệu/m²,Giấy tờ khác,Chưa bàn giao,Đồng Nai,2 phòng,75 m²,2 phòng,,Phường Hố Nai
"Đường Võ Thị Sáu, Phường Thống Nhất, Thành phố Biên Hòa, Đồng Nai",,Chung cư,Thành phố Biên Hòa,,,,,,1800000000,"33,96 triệu/m²",,Đã bàn giao,Đồng Nai,2 phòng,53 m²,1 phòng,,Phường Thống Nhất
"368 Đường Xa Lộ Hà Nội, Phường Hố Nai, Thành phố Biên Hòa, Tỉnh Đồng Nai., Phường Hố Nai, Thành phố Biên Hòa, Đồng Nai",,Chung cư,Thành phố Biên Hòa,,,Đông,,,2000000000,"30,77 triệu/m²",,Chưa bàn giao,Đồng Nai,2 phòng,65 m²,2 phòng,,Phường Hố Nai
"Đường D9, Phường Thống Nhất, Thành phố Biên Hòa, Đồng Nai",,Chung cư,Thành phố Biên Hòa,,B,,12,Hoàn thiện cơ bản,2300000000,"29,49 triệu/m²",Đã có sổ,Đã bàn giao,Đồng Nai,2 phòng,78 m²,2 phòng,,Phường Thống Nhất
"Đường Đồng Khởi, Phường Tam Hòa, Thành phố Biên Hòa, Đồng Nai",Căn góc,Chung cư,Thành phố Biên Hòa,,,Đông Nam,3,Nội thất đầy đủ,1600000000,"25,4 triệu/m²",Đang chờ sổ,Đã bàn giao,Đồng Nai,2 phòng,63 m²,2 phòng,,Phường Tam Hòa
"Mặt tiền Xa Lộ Hà Nội, Phường Hố Nai, TP Biên Hòa, Đồng Nai., Phường Hố Nai, Thành phố Biên Hòa, Đồng Nai",,Chung cư,Thành phố Biên Hòa,Đông Nam,Moden,Tây Bắc,9,Hoàn thiện cơ bản,2292000000,"30,97 triệu/m²",Đang chờ sổ,Chưa bàn giao,Đồng Nai,2 phòng,74 m²,2 phòng,M01,Phường Hố Nai
"407, Đường Quốc lộ 1K, Phường Hoá An, Thành phố Biên Hòa, Đồng Nai",,Chung cư,Thành phố Biên Hòa,Đông Nam,,Đông Bắc,,Nội thất đầy đủ,870000000,"11,45 triệu/m²",Đã có sổ,Đã bàn giao,Đồng Nai,2 phòng,76 m²,1 phòng,,Phường Hoá An
"Đường Võ Thị Sáu, Phường Thống Nhất, Thành phố Biên Hòa, Đồng Nai",Căn góc,Chung cư,Thành phố Biên Hòa,,,,14,,1850000000,"34,26 triệu/m²",Đã có sổ,Đã bàn giao,Đồng Nai,2 phòng,54 m²,1 phòng,,Phường Thống Nhất
"Đường Nguyễn Ái Quốc, Phường Hoá An, Thành phố Biên Hòa, Đồng Nai",,Chung cư,Thành phố Biên Hòa,,,,,,1300000000,"12,04 triệu/m²",Đã có sổ,Đã bàn giao,Đồng Nai,3 phòng,108 m²,2 phòng,,Phường Hoá An
"XA LỘ HÀ NỘI, Phường Hố Nai, Thành phố Biên Hòa, Đồng Nai",,Chung cư,Thành phố Biên Hòa,,,,,,1680000000,"23,33 triệu/m²",,Chưa bàn giao,Đồng Nai,2 phòng,72 m²,2 phòng,,Phường Hố Nai
"368 Đường Xa Lộ Hà Nội, Phường Hố Nai, Thành phố Biên Hòa, Tỉnh Đồng Nai., Phường Hố Nai, Thành phố Biên Hòa, Đồng Nai",,Chung cư,Thành phố Biên Hòa,Đông Nam,Block M,Tây Bắc,9,Hoàn thiện cơ bản,2279000000,"31,22 triệu/m²",Đang chờ sổ,Chưa bàn giao,Đồng Nai,2 phòng,73 m²,2 phòng,M,Phường Hố Nai
"368 Đường Xa Lộ Hà Nội, Phường Hố Nai, Thành phố Biên Hòa, Tỉnh Đồng Nai., Phường Hố Nai, Thành phố Biên Hòa, Đồng Nai",,Chung cư,Thành phố Biên Hòa,Đông Nam,Mặt tiền,Bắc,,Nội thất đầy đủ,2500000000,"35,71 triệu/m²",Giấy tờ khác,Chưa bàn giao,Đồng Nai,2 phòng,70 m²,2 phòng,,Phường Hố Nai
"368 Đường Xa Lộ Hà Nội, Phường Hố Nai, Thành phố Biên Hòa, Tỉnh Đồng Nai., Phường Hố Nai, Thành phố Biên Hòa, Đồng Nai",Căn góc,Chung cư,Thành phố Biên Hòa,Đông,D,Đông Nam,21,Nội thất đầy đủ,2648000000,"36,27 triệu/m²",Giấy tờ khác,Chưa bàn giao,Đồng Nai,2 phòng,73.8 m²,2 phòng,D.21.09,Phường Hố Nai
"N8, Phường Bửu Long, Thành phố Biên Hòa, Đồng Nai",,Chung cư,Thành phố Biên Hòa,,,,,,1180000000,"22,26 triệu/m²",Đã có sổ,Đã bàn giao,Đồng Nai,2 phòng,53 m²,1 phòng,,Phường Bửu Long
"Đường D9, Phường Thống Nhất, Thành phố Biên Hòa, Đồng Nai",Căn góc,Chung cư,Thành phố Biên Hòa,Tây,,Nam,,Nội thất cao cấp,1949000000,"31,44 triệu/m²",Đang chờ sổ,Đã bàn giao,Đồng Nai,1 phòng,62 m²,1 phòng,,Phường Thống Nhất
"368 Đường Xa Lộ Hà Nội, Phường Hố Nai, Thành phố Biên Hòa, Tỉnh Đồng Nai., Phường Hố Nai, Thành phố Biên Hòa, Đồng Nai",,Chung cư,Thành phố Biên Hòa,,,,,,1600000000,"22,86 triệu/m²",,Chưa bàn giao,Đồng Nai,2 phòng,70 m²,2 phòng,,Phường Hố Nai
"Đường Xa Lộ Hà Nội, Phường Hố Nai, Thành phố Biên Hòa, Đồng Nai",,Chung cư,Thành phố Biên Hòa,,,,,,1500000000,"21,74 triệu/m²",Đang chờ sổ,Chưa bàn giao,Đồng Nai,2 phòng,69 m²,2 phòng,,Phường Hố Nai
"368 Đường Xa Lộ Hà Nội, Phường Hố Nai, Thành phố Biên Hòa, Tỉnh Đồng Nai.",,Chung cư,Thành phố Biên Hòa,Tây Nam,7,Đông Bắc,29,,1700000000,"24,29 triệu/m²",Đã có sổ,Chưa bàn giao,Đồng Nai,2 phòng,70 m²,2 phòng,,Phường Hố Nai
"368 Đường Xa Lộ Hà Nội, Phường Hố Nai, Thành phố Biên Hòa, Tỉnh Đồng Nai., Phường Hố Nai, Thành phố Biên Hòa, Đồng Nai",,Chung cư,Thành phố Biên Hòa,,,,,,2200000000,"29,73 triệu/m²",,Chưa bàn giao,Đồng Nai,2 phòng,74 m²,2 phòng,,Phường Hố Nai
"368 Đường Xa Lộ Hà Nội, Phường Hố Nai, Thành phố Biên Hòa, Tỉnh Đồng Nai., Phường Hố Nai, Thành phố Biên Hòa, Đồng Nai",Căn góc,Chung cư,Thành phố Biên Hòa,,F,,9,Nội thất cao cấp,2300000000,"31,08 triệu/m²",Đang chờ sổ,Chưa bàn giao,Đồng Nai,2 phòng,74 m²,2 phòng,A1,Phường Hố Nai
"368 Đường Xa Lộ Hà Nội, Phường Hố Nai, Thành phố Biên Hòa, Tỉnh Đồng Nai.",Căn góc,Chung cư,Thành phố Biên Hòa,Đông Bắc,,Tây Bắc,,Nội thất cao cấp,2500000000,"33,33 triệu/m²",Đang chờ sổ,Chưa bàn giao,Đồng Nai,2 phòng,75 m²,2 phòng,,Phường Hố Nai
"368 Đường Xa Lộ Hà Nội, Phường Hố Nai, Thành phố Biên Hòa, Tỉnh Đồng Nai., Phường Hố Nai, Thành phố Biên Hòa, Đồng Nai",,Chung cư,Thành phố Biên Hòa,Tây,Passion,Đông Bắc,1,Hoàn thiện cơ bản,2411220000,"34,45 triệu/m²",Giấy tờ khác,Chưa bàn giao,Đồng Nai,2 phòng,70.76 m²,2 phòng,,Phường Hố Nai
"368 Đường Xa Lộ Hà Nội, Phường Hố Nai, Thành phố Biên Hòa, Tỉnh Đồng Nai., Phường Hố Nai, Thành phố Biên Hòa, Đồng Nai",,Chung cư,Thành phố Biên Hòa,,,,,,1900000000,"23,46 triệu/m²",,Chưa bàn giao,Đồng Nai,3 phòng,81 m²,2 phòng,,Phường Hố Nai
"Đường Xa Lộ Hà Nội, Phường Hố Nai, Thành phố Biên Hòa, Đồng Nai",,Chung cư,Thành phố Biên Hòa,,,,,,1700000000,"23,29 triệu/m²",Đang chờ sổ,Chưa bàn giao,Đồng Nai,2 phòng,73 m²,2 phòng,,Phường Hố Nai
"368 Đường Xa Lộ Hà Nội, Phường Hố Nai, Thành phố Biên Hòa, Tỉnh Đồng Nai., Phường Hố Nai, Thành phố Biên Hòa, Đồng Nai",,Chung cư,Thành phố Biên Hòa,,,,,,1680000000,"23,01 triệu/m²",Đang chờ sổ,Chưa bàn giao,Đồng Nai,2 phòng,73 m²,2 phòng,,Phường Hố Nai
"Đường Xa Lộ Hà Nội, Phường Hố Nai, Thành phố Biên Hòa, Đồng Nai",,Chung cư,Thành phố Biên Hòa,,,,,,1650000000,"23,91 triệu/m²",Đang chờ sổ,Chưa bàn giao,Đồng Nai,2 phòng,69 m²,2 phòng,,Phường Hố Nai
"Đường Quốc Lộ 1, Phường Hố Nai, Thành phố Biên Hòa, Đồng Nai",,Chung cư,Thành phố Biên Hòa,Đông Nam,,Tây Bắc,,,1700000000,"23,29 triệu/m²",,Chưa bàn giao,Đồng Nai,2 phòng,73 m²,2 phòng,,Phường Hố Nai
"368 Đường Xa Lộ Hà Nội, Phường Hố Nai, Thành phố Biên Hòa, Tỉnh Đồng Nai., Phường Hố Nai, Thành phố Biên Hòa, Đồng Nai",,Chung cư,Thành phố Biên Hòa,,,,,Hoàn thiện cơ bản,1625000000,"23,21 triệu/m²",Đang chờ sổ,Chưa bàn giao,Đồng Nai,2 phòng,70 m²,2 phòng,,Phường Hố Nai
"Đường Xa Lộ Hà Nội, Phường Hố Nai, Thành phố Biên Hòa, Đồng Nai",,Chung cư,Thành phố Biên Hòa,,,,,,1900000000,"27,94 triệu/m²",Giấy tờ khác,Chưa bàn giao,Đồng Nai,2 phòng,68 m²,,,Phường Hố Nai
"368 Đường Xa Lộ Hà Nội, Phường Hố Nai, Thành phố Biên Hòa, Tỉnh Đồng Nai.",Căn góc,Chung cư,Thành phố Biên Hòa,,,Đông Nam,,Nội thất cao cấp,2500000000,"35,71 triệu/m²",Đang chờ sổ,Chưa bàn giao,Đồng Nai,2 phòng,70 m²,2 phòng,,Phường Hố Nai
"Đường Xa Lộ Hà Nội, Phường Hố Nai, Thành phố Biên Hòa, Đồng Nai",,Chung cư,Thành phố Biên Hòa,Đông Bắc,Passion,,21,Nội thất cao cấp,1768000000,"25,62 triệu/m²",Giấy tờ khác,Chưa bàn giao,Đồng Nai,2 phòng,69 m²,2 phòng,P.06,Phường Hố Nai
"368 Đường Xa Lộ Hà Nội, Phường Hố Nai, Thành phố Biên Hòa, Tỉnh Đồng Nai., Phường Hố Nai, Thành phố Biên Hòa, Đồng Nai",,Chung cư,Thành phố Biên Hòa,,,,,Hoàn thiện cơ bản,1625000000,"23,21 triệu/m²",Đang chờ sổ,Chưa bàn giao,Đồng Nai,2 phòng,70 m²,2 phòng,,Phường Hố Nai
"mặt tiền đường Xa lộ Hà Nội ( QL 1A), Phường Hố Nai, Thành phố Biên Hòa, Đồng Nai",,Chung cư,Thành phố Biên Hòa,Đông Nam,Passion,Tây Bắc,9,Hoàn thiện cơ bản,2257000000,"30,92 triệu/m²",Đang chờ sổ,Chưa bàn giao,Đồng Nai,2 phòng,73 m²,2 phòng,P09,Phường Hố Nai
"Đường Võ Thị Sáu, Phường Thống Nhất, Thành phố Biên Hòa, Đồng Nai",,Chung cư,Thành phố Biên Hòa,Tây Bắc,B,Tây Bắc,3,Nội thất đầy đủ,2180000000,"35,16 triệu/m²",Đang chờ sổ,Đã bàn giao,Đồng Nai,1 phòng,62 m²,1 phòng,0312,Phường Thống Nhất
"368 Đường Xa Lộ Hà Nội, Phường Hố Nai, Thành phố Biên Hòa, Tỉnh Đồng Nai.",,Chung cư,Thành phố Biên Hòa,Tây Bắc,,Đông Nam,,Nội thất cao cấp,2195290420,"33,77 triệu/m²",Giấy tờ khác,Chưa bàn giao,Đồng Nai,2 phòng,65.41 m²,2 phòng,,Phường Hố Nai
"Đường Xa Lộ Hà Nội, Phường Hố Nai, Thành phố Biên Hòa, Đồng Nai",,Chung cư,Thành phố Biên Hòa,,,,,Hoàn thiện cơ bản,2100000000,30 triệu/m²,Đang chờ sổ,Chưa bàn giao,Đồng Nai,2 phòng,70 m²,2 phòng,,Phường Hố Nai
"368, Đường Xa Lộ Hà Nội, Phường Hố Nai, Thành phố Biên Hòa, Đồng Nai",Căn góc,Chung cư,Thành phố Biên Hòa,Đông Nam,Block Model,Tây Bắc,17,Hoàn thiện cơ bản,3150000000,"30,58 triệu/m²",Đang chờ sổ,Chưa bàn giao,Đồng Nai,3 phòng,103 m²,2 phòng,M07x,Phường Hố Nai
"368 Đường Xa Lộ Hà Nội, Phường Hố Nai, Thành phố Biên Hòa, Tỉnh Đồng Nai., Phường Hố Nai, Thành phố Biên Hòa, Đồng Nai",,Chung cư,Thành phố Biên Hòa,Đông Nam,Passion,Tây Bắc,18,Hoàn thiện cơ bản,1700000000,"23,94 triệu/m²",Đang chờ sổ,Chưa bàn giao,Đồng Nai,2 phòng,71.5 m²,2 phòng,P18,Phường Hố Nai
"368 Đường Xa Lộ Hà Nội, Phường Hố Nai, Thành phố Biên Hòa, Tỉnh Đồng Nai.",Căn góc,Chung cư,Thành phố Biên Hòa,Đông Bắc,D,,,Nội thất cao cấp,1500000000,20 triệu/m²,Giấy tờ khác,Chưa bàn giao,Đồng Nai,2 phòng,75 m²,2 phòng,05,Phường Hố Nai
"368 Đường Xa Lộ Hà Nội, Phường Hố Nai, Thành phố Biên Hòa, Tỉnh Đồng Nai.",,Chung cư,Thành phố Biên Hòa,,D,,2,Hoàn thiện cơ bản,2100000000,"20,59 triệu/m²",Giấy tờ khác,Chưa bàn giao,Đồng Nai,3 phòng,102 m²,2 phòng,,Phường Hố Nai
"368 Đường Xa Lộ Hà Nội, Phường Hố Nai, Thành phố Biên Hòa, Tỉnh Đồng Nai., Phường Hố Nai, Thành phố Biên Hòa, Đồng Nai",,Chung cư,Thành phố Biên Hòa,Nam,Block M,Đông Bắc,15,Hoàn thiện cơ bản,2290000000,"33,68 triệu/m²",Đang chờ sổ,Chưa bàn giao,Đồng Nai,2 phòng,68 m²,2 phòng,M1--,Phường Hố Nai
"368 Đường Xa Lộ Hà Nội, Phường Hố Nai, Thành phố Biên Hòa, Tỉnh Đồng Nai., Phường Hố Nai, Thành phố Biên Hòa, Đồng Nai",,Chung cư,Thành phố Biên Hòa,,Passion,,6,Nội thất cao cấp,1600000000,"23,19 triệu/m²",Giấy tờ khác,Chưa bàn giao,Đồng Nai,2 phòng,69 m²,2 phòng,P.06.05,Phường Hố Nai
"368 Đường Xa Lộ Hà Nội, Phường Hố Nai, Thành phố Biên Hòa, Tỉnh Đồng Nai.",,Chung cư,Thành phố Biên Hòa,,,,,Nội thất cao cấp,1500000000,"21,43 triệu/m²",Đã có sổ,Chưa bàn giao,Đồng Nai,2 phòng,70 m²,2 phòng,,Phường Hố Nai
"Đường Trần Quốc Toản, Phường An Bình, Thành phố Biên Hòa, Đồng Nai",,Chung cư,Thành phố Biên Hòa,Đông,D2,Tây,4,Nội thất đầy đủ,750000000,"16,67 triệu/m²",Đã có sổ,Đã bàn giao,Đồng Nai,1 phòng,45 m²,1 phòng,,Phường An Bình
"368 Đường Xa Lộ Hà Nội, Phường Hố Nai, Thành phố Biên Hòa, Tỉnh Đồng Nai., Phường Hố Nai, Thành phố Biên Hòa, Đồng Nai",,Chung cư,Thành phố Biên Hòa,,,,,,1500000000,"21,43 triệu/m²",Đang chờ sổ,Chưa bàn giao,Đồng Nai,2 phòng,70 m²,2 phòng,,Phường Hố Nai
"368 Đường Xa Lộ Hà Nội, Phường Hố Nai, Thành phố Biên Hòa, Tỉnh Đồng Nai., Phường Hố Nai, Thành phố Biên Hòa, Đồng Nai",,Chung cư,Thành phố Biên Hòa,Đông,,Tây,,,2105600000,"30,52 triệu/m²",Giấy tờ khác,Chưa bàn giao,Đồng Nai,2 phòng,69.09 m²,2 phòng,,Phường Hố Nai
"368 Đường Xa Lộ Hà Nội, Phường Hố Nai, Thành phố Biên Hòa, Tỉnh Đồng Nai., Phường Hố Nai, Thành phố Biên Hòa, Đồng Nai",Căn góc,Chung cư,Thành phố Biên Hòa,Đông,P,Đông,10,Nội thất đầy đủ,1600000000,"24,62 triệu/m²",Đang chờ sổ,Chưa bàn giao,Đồng Nai,2 phòng,65 m²,2 phòng,,Phường Hố Nai
"368 Đường Xa Lộ Hà Nội, Phường Hố Nai, Thành phố Biên Hòa, Tỉnh Đồng Nai., Phường Hố Nai, Thành phố Biên Hòa, Đồng Nai",,Chung cư,Thành phố Biên Hòa,Đông Nam,,Đông Bắc,,,2350000000,"32,64 triệu/m²",,Chưa bàn giao,Đồng Nai,2 phòng,72 m²,2 phòng,,Phường Hố Nai
"Đường Xa Lộ Hà Nội, Phường Hố Nai, Thành phố Biên Hòa, Đồng Nai",Căn góc,Chung cư,Thành phố Biên Hòa,Đông,Lucky,Tây,18,,31000000,436.619 đ/m²,Giấy tờ khác,Chưa bàn giao,Đồng Nai,2 phòng,71 m²,2 phòng,L02,Phường Hố Nai
"Đường Xa Lộ Hà Nội, Phường Hố Nai, Thành phố Biên Hòa, Đồng Nai",,Chung cư,Thành phố Biên Hòa,,Passion,,,Nội thất cao cấp,2500000000,"36,23 triệu/m²",Đang chờ sổ,Chưa bàn giao,Đồng Nai,2 phòng,69 m²,2 phòng,,Phường Hố Nai
"368 Đường Xa Lộ Hà Nội, Phường Hố Nai, Thành phố Biên Hòa, Tỉnh Đồng Nai., Phường Hố Nai, Thành phố Biên Hòa, Đồng Nai",,Chung cư,Thành phố Biên Hòa,Tây,4,Đông Nam,16,Hoàn thiện cơ bản,2200000000,"32,84 triệu/m²",Giấy tờ khác,Chưa bàn giao,Đồng Nai,2 phòng,67 m²,2 phòng,,Phường Hố Nai
"Đường D9, Phường Thống Nhất, Thành phố Biên Hòa, Đồng Nai",,Chung cư,Thành phố Biên Hòa,,,,,,1568000000,"30,15 triệu/m²",Giấy tờ khác,Đã bàn giao,Đồng Nai,2 phòng,52 m²,1 phòng,,Phường Thống Nhất
"Đường D9, Phường Thống Nhất, Thành phố Biên Hòa, Đồng Nai",,Chung cư,Thành phố Biên Hòa,,,,,,1650000000,"22,3 triệu/m²",Giấy tờ khác,Đã bàn giao,Đồng Nai,2 phòng,74 m²,2 phòng,,Phường Thống Nhất
"368 Đường Xa Lộ Hà Nội, Phường Hố Nai, Thành phố Biên Hòa, Tỉnh Đồng Nai., Phường Hố Nai, Thành phố Biên Hòa, Đồng Nai",,Chung cư,Thành phố Biên Hòa,,,,,Hoàn thiện cơ bản,360000000,"5,37 triệu/m²",Giấy tờ khác,Chưa bàn giao,Đồng Nai,2 phòng,67 m²,2 phòng,,Phường Hố Nai
"Đường N2, Phường Bửu Long, Thành phố Biên Hòa, Đồng Nai",Căn góc,Chung cư,Thành phố Biên Hòa,Nam,1,,1,Nội thất đầy đủ,1390000000,"27,8 triệu/m²",Đã có sổ,Đã bàn giao,Đồng Nai,2 phòng,50 m²,1 phòng,,Phường Bửu Long
"Mặt tiền xa lộ Hà Nội, TP Biên Hòa, Đồng Nai, Phường Hố Nai, Thành phố Biên Hòa, Đồng Nai",,Chung cư,Thành phố Biên Hòa,Nam,CLEAVER,Bắc,15,Nội thất cao cấp,2290000000,"29,36 triệu/m²",Đang chờ sổ,Chưa bàn giao,Đồng Nai,2 phòng,78 m²,2 phòng,c01,Phường Hố Nai
"Đường Trần Quốc Toản, Phường An Bình, Thành phố Biên Hòa, Đồng Nai",,Chung cư,Thành phố Biên Hòa,,c4,Đông,4,Hoàn thiện cơ bản,630000000,18 triệu/m²,Đã có sổ,Chưa bàn giao,Đồng Nai,1 phòng,35 m²,1 phòng,c410,Phường An Bình
"368 Đường Xa Lộ Hà Nội, Phường Hố Nai, Thành phố Biên Hòa, Tỉnh Đồng Nai., Phường Hố Nai, Thành phố Biên Hòa, Đồng Nai",,Chung cư,Thành phố Biên Hòa,Tây,,Đông Nam,,,2400000000,"34,78 triệu/m²",,Chưa bàn giao,Đồng Nai,2 phòng,69 m²,2 phòng,,Phường Hố Nai
"368 Đường Xa Lộ Hà Nội, Phường Hố Nai, Thành phố Biên Hòa, Tỉnh Đồng Nai., Phường Hố Nai, Thành phố Biên Hòa, Đồng Nai",,Chung cư,Thành phố Biên Hòa,,,,,,1926000000,"24,69 triệu/m²",,Chưa bàn giao,Đồng Nai,2 phòng,78.5 m²,2 phòng,,Phường Hố Nai
"Đường Đồng Khởi, Phường Tam Hòa, Thành phố Biên Hòa, Đồng Nai",Căn góc,Chung cư,Thành phố Biên Hòa,,,,,,999000000,"18,85 triệu/m²",Đã có sổ,Đã bàn giao,Đồng Nai,2 phòng,53 m²,2 phòng,,Phường Tam Hòa
"Đường Xa Lộ Hà Nội, Phường Hố Nai, Thành phố Biên Hòa, Đồng Nai",,Chung cư,Thành phố Biên Hòa,,,,,,1600000000,"20,25 triệu/m²",Đang chờ sổ,Chưa bàn giao,Đồng Nai,2 phòng,79 m²,2 phòng,,Phường Hố Nai
"lầu 5, Nguyễn Văn Cừ, Xã Phước An, Huyện Nhơn Trạch, Đồng Nai",Căn góc,Chung cư,Huyện Nhơn Trạch,,A7,Đông Bắc,,,410000000,"12,81 triệu/m²",Đang chờ sổ,Đã bàn giao,Đồng Nai,2 phòng,32.5 m²,1 phòng,,Xã Phước An
"Đường Hương lộ 2, Xã Long Hưng, Thành phố Biên Hòa, Đồng Nai",Căn góc,Duplex,Thành phố Biên Hòa,,,,3,Bàn giao thô,21800000000,"58,13 triệu/m²",,Chưa bàn giao,Đồng Nai,3 phòng,375 m²,3 phòng,,Xã Long Hưng
"Đường Quốc lộ 1A, Phường Hố Nai, Thành phố Biên Hòa, Đồng Nai",,Chung cư,Thành phố Biên Hòa,,Lucky,,19,Nội thất cao cấp,2250000000,"31,25 triệu/m²",Đang chờ sổ,Chưa bàn giao,Đồng Nai,2 phòng,72 m²,2 phòng,,Phường Hố Nai
"368 Đường Xa Lộ Hà Nội, Phường Hố Nai, Thành phố Biên Hòa, Tỉnh Đồng Nai., Phường Hố Nai, Thành phố Biên Hòa, Đồng Nai",,Chung cư,Thành phố Biên Hòa,,,,,Nội thất cao cấp,1600000000,"23,19 triệu/m²",Đang chờ sổ,Chưa bàn giao,Đồng Nai,2 phòng,69 m²,2 phòng,,Phường Hố Nai
"368 Đường Xa Lộ Hà Nội, Phường Hố Nai, Thành phố Biên Hòa, Tỉnh Đồng Nai., Phường Hố Nai, Thành phố Biên Hòa, Đồng Nai",,Chung cư,Thành phố Biên Hòa,Đông Nam,M,Tây Bắc,29,Hoàn thiện cơ bản,2300000000,"31,51 triệu/m²",Giấy tờ khác,Chưa bàn giao,Đồng Nai,2 phòng,73.51 m²,2 phòng,M3,Phường Hố Nai
"Đường Đồng Khởi, Phường Tam Hòa, Thành phố Biên Hòa, Đồng Nai",Căn góc,Chung cư,Thành phố Biên Hòa,,A1,,16,Nội thất cao cấp,1400000000,20 triệu/m²,Đang chờ sổ,Đã bàn giao,Đồng Nai,2 phòng,70 m²,2 phòng,04,Phường Tam Hòa
"Đường Đồng Khởi, Phường Tam Hòa, Thành phố Biên Hòa, Đồng Nai",,Chung cư,Thành phố Biên Hòa,,,,,,1340000000,"19,14 triệu/m²",,Đã bàn giao,Đồng Nai,2 phòng,70 m²,2 phòng,,Phường Tam Hòa
"Đường Phạm Văn Đồng, Thị trấn Long Thành, Huyện Long Thành, Đồng Nai",,Căn hộ dịch vụ,Huyện Long Thành,Nam,,Nam,3,,5000000000,"47,62 triệu/m²",Đang chờ sổ,Chưa bàn giao,Đồng Nai,4 phòng,105 m²,2 phòng,,Thị trấn Long Thành
"66, Đường Huỳnh Văn Nghệ, Phường Bửu Long, Thành phố Biên Hòa, Đồng Nai",,Chung cư,Thành phố Biên Hòa,,,,,,1290000000,"32,25 triệu/m²",Đã có sổ,Đã bàn giao,Đồng Nai,1 phòng,40 m²,1 phòng,,Phường Bửu Long
"Đường Võ Thị Sáu, Phường Quyết Thắng, Thành phố Biên Hòa, Đồng Nai",,Chung cư,Thành phố Biên Hòa,,,,12,,2320000000,"33,14 triệu/m²",Đã có sổ,Đã bàn giao,Đồng Nai,2 phòng,70 m²,2 phòng,,Phường Quyết Thắng
"Xa Lộ Hà Nội, Phường Hố Nai, Thành phố Biên Hòa, Đồng Nai",Căn góc,Chung cư,Thành phố Biên Hòa,,Dynamic,,8,Nội thất cao cấp,2200000000,"31,43 triệu/m²",Đã có sổ,Chưa bàn giao,Đồng Nai,2 phòng,70 m²,2 phòng,,Phường Hố Nai
"Đường Nguyễn Ái Quốc, Phường Bửu Long, Thành phố Biên Hòa, Đồng Nai",,Chung cư,Thành phố Biên Hòa,,,,,,1290000000,"25,8 triệu/m²",,Đã bàn giao,Đồng Nai,2 phòng,50 m²,1 phòng,,Phường Bửu Long
"Đường Huỳnh Văn nghệ, Phường Bửu Long, Thành phố Biên Hòa, Đồng Nai",Căn góc,Chung cư,Thành phố Biên Hòa,,,,,,1290000000,"25,8 triệu/m²",Đã có sổ,Đã bàn giao,Đồng Nai,2 phòng,50 m²,1 phòng,,Phường Bửu Long
"Xa lộ Hà Nội, Phường Hố Nai, Thành phố Biên Hòa, Đồng Nai",,Chung cư,Thành phố Biên Hòa,,Passion,,,Hoàn thiện cơ bản,1700000000,25 triệu/m²,Giấy tờ khác,Chưa bàn giao,Đồng Nai,2 phòng,68 m²,2 phòng,,Phường Hố Nai
"Đồng Khởi, Phường Tam Hòa, Thành phố Biên Hòa, Đồng Nai",,Chung cư,Thành phố Biên Hòa,,,,,Nội thất cao cấp,1490000000,"21,29 triệu/m²",Đã có sổ,Đã bàn giao,Đồng Nai,2 phòng,70 m²,2 phòng,,Phường Tam Hòa
"Đồng Khởi, Phường Tam Hòa, Thành phố Biên Hòa, Đồng Nai",,Chung cư,Thành phố Biên Hòa,,,,,Nội thất cao cấp,1350000000,"19,29 triệu/m2",Đã có sổ,Đã bàn giao,Đồng Nai,2 phòng,70 m2,2 phòng,,Phường Tam Hòa
"207A, Đường Xa Lộ Hà Nội, Phường Tân Vạn, Thành phố Biên Hòa, Đồng Nai",,Chung cư,Thành phố Biên Hòa,Đông Nam,A1,Đông Nam,8,Hoàn thiện cơ bản,1000000000,"21,74 triệu/m²",Đã có sổ,Đã bàn giao,Đồng Nai,2 phòng,46 m²,1 phòng,,Phường Tân Vạn
"207A, Đường Xa Lộ Hà Nội, Phường Long Bình Tân, Thành phố Biên Hòa, Đồng Nai",,Chung cư,Thành phố Biên Hòa,Đông Nam,A,Đông Nam,8,Hoàn thiện cơ bản,1000000000,"21,74 triệu/m²",Đã có sổ,Đã bàn giao,Đồng Nai,2 phòng,46 m²,1 phòng,25,Phường Long Bình Tân
"KDC Bửu Long, Phường Bửu Long, Thành phố Biên Hòa, Đồng Nai",Căn góc,Chung cư,Thành phố Biên Hòa,,,,2,Nội thất cao cấp,1290000000,"25,8 triệu/m²",Đã có sổ,Đã bàn giao,Đồng Nai,1 phòng,50 m²,1 phòng,,Phường Bửu Long
"Đường Xa Lộ Hà Nội, Phường Hố Nai, Thành phố Biên Hòa, Đồng Nai",,Chung cư,Thành phố Biên Hòa,,,,,,1650000000,"23,91 triệu/m²",Đang chờ sổ,Chưa bàn giao,Đồng Nai,2 phòng,69 m²,2 phòng,,Phường Hố Nai
"Đường quốc lộ 51 xã Long Đức, huyện Long Thành, tỉnh Đồng Nai., Xã Long Đức, Huyện Long Thành, Đồng Nai",Căn góc,Penthouse,Huyện Long Thành,,,,,Hoàn thiện cơ bản,4500000000,45 triệu/m²,Đã có sổ,Đã bàn giao,Đồng Nai,3 phòng,100 m²,2 phòng,,Xã Long Đức
"Đường Quốc lộ 1A, Phường Hố Nai, Thành phố Biên Hòa, Đồng Nai",Căn góc,Chung cư,Thành phố Biên Hòa,,Clever,,9,Nội thất cao cấp,2200000000,"30,14 triệu/m²",Đang chờ sổ,Chưa bàn giao,Đồng Nai,2 phòng,73 m²,2 phòng,,Phường Hố Nai
"368 Đường Xa Lộ Hà Nội, Phường Hố Nai, Thành phố Biên Hòa, Tỉnh Đồng Nai., Phường Hố Nai, Thành phố Biên Hòa, Đồng Nai",Căn góc,Chung cư,Thành phố Biên Hòa,,,,,Nội thất cao cấp,1550000000,"21,53 triệu/m²",Đang chờ sổ,Chưa bàn giao,Đồng Nai,2 phòng,72 m²,2 phòng,,Phường Hố Nai
"368 Đường Xa Lộ Hà Nội, Phường Hố Nai, Thành phố Biên Hòa, Tỉnh Đồng Nai., Phường Hố Nai, Thành phố Biên Hòa, Đồng Nai",,Chung cư,Thành phố Biên Hòa,,Pasion,,7,Nội thất cao cấp,1500000000,"21,43 triệu/m²",Giấy tờ khác,Chưa bàn giao,Đồng Nai,2 phòng,70 m²,2 phòng,,Phường Hố Nai
"Đường Xa Lộ Hà Nội, Phường Hố Nai, Thành phố Biên Hòa, Đồng Nai",,Chung cư,Thành phố Biên Hòa,,,,,,1608000000,"21,73 triệu/m²",Đang chờ sổ,Chưa bàn giao,Đồng Nai,2 phòng,74 m²,2 phòng,,Phường Hố Nai
"Xa Lộ Hà Nội, TP Biên Hòa., Phường Hố Nai, Thành phố Biên Hòa, Đồng Nai",,Chung cư,Thành phố Biên Hòa,Đông Nam,v1,Tây Bắc,12,Hoàn thiện cơ bản,2400000000,32 triệu/m²,Đang chờ sổ,Chưa bàn giao,Đồng Nai,2 phòng,75 m²,2 phòng,0v10,Phường Hố Nai
"Đường Xa Lộ Hà Nội, Phường Hố Nai, Thành phố Biên Hòa, Đồng Nai",,Chung cư,Thành phố Biên Hòa,,,Đông Nam,10,Nội thất cao cấp,2300000000,"30,67 triệu/m²",Đã có sổ,Chưa bàn giao,Đồng Nai,2 phòng,75 m²,2 phòng,,Phường Hố Nai
"368 Đường Xa Lộ Hà Nội, Phường Hố Nai, Thành phố Biên Hòa, Tỉnh Đồng Nai., Phường Hố Nai, Thành phố Biên Hòa, Đồng Nai",,Chung cư,Thành phố Biên Hòa,,,,,,2400000000,"34,78 triệu/m²",,Chưa bàn giao,Đồng Nai,2 phòng,69 m²,2 phòng,,Phường Hố Nai
"hẻm, Phường Tam Hiệp, Thành phố Biên Hòa, Đồng Nai",,Căn hộ dịch vụ,Thành phố Biên Hòa,Đông Nam,,Đông Nam,,,4200000000,"27,63 triệu/m²",Đã có sổ,Chưa bàn giao,Đồng Nai,1 phòng,152.8 m²,1 phòng,,Phường Tam Hiệp
"03 xa lộ hà nội, Phường Hố Nai, TP Biên Hòa., Phường Hố Nai, Thành phố Biên Hòa, Đồng Nai",Căn góc,Chung cư,Thành phố Biên Hòa,Tây Bắc,D,Đông Nam,,Hoàn thiện cơ bản,2800000000,"27,18 triệu/m²",Đang chờ sổ,Chưa bàn giao,Đồng Nai,3 phòng,103 m²,2 phòng,02,Phường Hố Nai
"Đường Nguyễn Văn Cừ, Xã Phước An, Huyện Nhơn Trạch, Đồng Nai",,Chung cư,Huyện Nhơn Trạch,,,Đông Bắc,,Hoàn thiện cơ bản,790000000,"15,19 triệu/m²",Đang chờ sổ,Đã bàn giao,Đồng Nai,2 phòng,52 m²,1 phòng,,Xã Phước An
"Đường D9, Phường Thống Nhất, Thành phố Biên Hòa, Đồng Nai",,Chung cư,Thành phố Biên Hòa,Tây Nam,,Đông Nam,,Nội thất cao cấp,1900000000,"30,65 triệu/m²",Đang chờ sổ,Đã bàn giao,Đồng Nai,1 phòng,62 m²,1 phòng,,Phường Thống Nhất
"Đường Xa Lộ Hà Nội, Phường Hố Nai, Thành phố Biên Hòa, Đồng Nai",,Chung cư,Thành phố Biên Hòa,,,,,Hoàn thiện cơ bản,35000000,538.461 đ/m²,Đã có sổ,Chưa bàn giao,Đồng Nai,2 phòng,65.41 m²,2 phòng,,Phường Hố Nai
"căn hộ 404 - 5t5, Đường D12, Phường Bửu Long, Thành phố Biên Hòa, Đồng Nai",,Chung cư,Thành phố Biên Hòa,Tây,,Đông,3,Nội thất đầy đủ,960000000,"19,2 triệu/m²",Đã có sổ,Đã bàn giao,Đồng Nai,2 phòng,50 m²,1 phòng,,Phường Bửu Long
"368 Đường Xa Lộ Hà Nội, Phường Hố Nai, Thành phố Biên Hòa, Tỉnh Đồng Nai., Phường Hố Nai, Thành phố Biên Hòa, Đồng Nai",Căn góc,Chung cư,Thành phố Biên Hòa,Tây Nam,Passion,Bắc,,Nội thất đầy đủ,1590000000,"23,73 triệu/m²",Đang chờ sổ,Chưa bàn giao,Đồng Nai,2 phòng,67.5 m²,2 phòng,,Phường Hố Nai
"368 Đường Xa Lộ Hà Nội, Phường Hố Nai, Thành phố Biên Hòa, Tỉnh Đồng Nai., Phường Hố Nai, Thành phố Biên Hòa, Đồng Nai",Căn góc,Chung cư,Thành phố Biên Hòa,,,,,Nội thất cao cấp,1570000000,"24,15 triệu/m²",Giấy tờ khác,Chưa bàn giao,Đồng Nai,2 phòng,65 m²,2 phòng,,Phường Hố Nai
"Đường Xa Lộ Hà Nội, Phường Hố Nai, Thành phố Biên Hòa, Đồng Nai",,Chung cư,Thành phố Biên Hòa,,,,,,1700000000,"22,97 triệu/m²",Đang chờ sổ,Chưa bàn giao,Đồng Nai,2 phòng,74 m²,2 phòng,,Phường Hố Nai
"Đường Võ Thị Sáu, Phường Thống Nhất, Thành phố Biên Hòa, Đồng Nai",Căn góc,Chung cư,Thành phố Biên Hòa,Tây,A,Nam,10,Nội thất cao cấp,1970000000,"31,77 triệu/m²",Đang chờ sổ,Đã bàn giao,Đồng Nai,1 phòng,62 m²,1 phòng,,Phường Thống Nhất
"368 Đường Xa Lộ Hà Nội, Phường Hố Nai, Thành phố Biên Hòa, Tỉnh Đồng Nai., Phường Hố Nai, Thành phố Biên Hòa, Đồng Nai",,Chung cư,Thành phố Biên Hòa,,,,,Hoàn thiện cơ bản,1700000000,"22,97 triệu/m²",Đã có sổ,Chưa bàn giao,Đồng Nai,2 phòng,74 m²,2 phòng,,Phường Hố Nai
"Đường Đồng Khởi, Phường Tam Hòa, Thành phố Biên Hòa, Đồng Nai",,Chung cư,Thành phố Biên Hòa,,,,,,770000000,"19,74 triệu/m²",,Đã bàn giao,Đồng Nai,1 phòng,39 m²,1 phòng,,Phường Tam Hòa
"368 Đường Xa Lộ Hà Nội, Phường Hố Nai, Thành phố Biên Hòa, Tỉnh Đồng Nai.",Căn góc,Chung cư,Thành phố Biên Hòa,,7,,29,Nội thất cao cấp,35000000,514.705 đ/m²,Đã có sổ,Chưa bàn giao,Đồng Nai,2 phòng,68 m²,2 phòng,,Phường Hố Nai
"368 Đường Xa Lộ Hà Nội, Phường Hố Nai, Thành phố Biên Hòa, Tỉnh Đồng Nai., Phường Hố Nai, Thành phố Biên Hòa, Đồng Nai",,Chung cư,Thành phố Biên Hòa,Bắc,,Đông,,Nội thất cao cấp,2100000000,"30,43 triệu/m²",Giấy tờ khác,Chưa bàn giao,Đồng Nai,2 phòng,69 m²,2 phòng,,Phường Hố Nai
"368 Đường Xa Lộ Hà Nội, Phường Hố Nai, Thành phố Biên Hòa, Tỉnh Đồng Nai., Phường Hố Nai, Thành phố Biên Hòa, Đồng Nai",,Chung cư,Thành phố Biên Hòa,,,,,,1900000000,38 triệu/m²,Đang chờ sổ,Chưa bàn giao,Đồng Nai,2 phòng,50 m²,2 phòng,,Phường Hố Nai
"Đường Quốc Lộ 1, Phường Hố Nai, Thành phố Biên Hòa, Đồng Nai",,Chung cư,Thành phố Biên Hòa,,,,,,2000000000,"30,77 triệu/m²",Giấy tờ khác,Chưa bàn giao,Đồng Nai,2 phòng,65 m²,2 phòng,,Phường Hố Nai
"368 Đường Xa Lộ Hà Nội, Phường Hố Nai, Thành phố Biên Hòa, Tỉnh Đồng Nai., Phường Hố Nai, Thành phố Biên Hòa, Đồng Nai",,Chung cư,Thành phố Biên Hòa,Đông Nam,Lucky,Đông Nam,18,Hoàn thiện cơ bản,2260000000,"32,75 triệu/m²",Đang chờ sổ,Chưa bàn giao,Đồng Nai,2 phòng,69 m²,2 phòng,L02,Phường Hố Nai
"368 Đường Xa Lộ Hà Nội, Phường Hố Nai, Thành phố Biên Hòa, Tỉnh Đồng Nai., Phường Hố Nai, Thành phố Biên Hòa, Đồng Nai",,Chung cư,Thành phố Biên Hòa,Bắc,,Đông Nam,,Nội thất cao cấp,1600000000,"21,92 triệu/m²",Giấy tờ khác,Chưa bàn giao,Đồng Nai,2 phòng,73 m²,2 phòng,,Phường Hố Nai
"368 Đường Xa Lộ Hà Nội, Phường Hố Nai, Thành phố Biên Hòa, Tỉnh Đồng Nai., Phường Hố Nai, Thành phố Biên Hòa, Đồng Nai",,Chung cư,Thành phố Biên Hòa,Nam,,Bắc,,Hoàn thiện cơ bản,2200000000,"31,43 triệu/m²",Đang chờ sổ,Chưa bàn giao,Đồng Nai,2 phòng,70 m²,2 phòng,,Phường Hố Nai
"Đường Xa Lộ Hà Nội, Phường Hố Nai, Thành phố Biên Hòa, Đồng Nai",,Chung cư,Thành phố Biên Hòa,,,,,,1700000000,"24,29 triệu/m²",Đang chờ sổ,Chưa bàn giao,Đồng Nai,2 phòng,70 m²,2 phòng,,Phường Hố Nai
"Đường Quốc Lộ 1, Phường Hố Nai, Thành phố Biên Hòa, Đồng Nai",,Chung cư,Thành phố Biên Hòa,,,,,,2400000000,32 triệu/m²,,Chưa bàn giao,Đồng Nai,2 phòng,75 m²,2 phòng,,Phường Hố Nai
"đồng khởi, Phường Tam Hòa, Thành phố Biên Hòa, Đồng Nai",,Chung cư,Thành phố Biên Hòa,,,,6,Hoàn thiện cơ bản,980000000,"18,49 triệu/m²",Đã có sổ,Đã bàn giao,Đồng Nai,2 phòng,53 m²,2 phòng,,Phường Tam Hòa
"368 Đường Xa Lộ Hà Nội, Phường Hố Nai, Thành phố Biên Hòa, Tỉnh Đồng Nai.",,Chung cư,Thành phố Biên Hòa,,,,,,1400000000,"19,72 triệu/m²",Đang chờ sổ,Chưa bàn giao,Đồng Nai,2 phòng,71 m²,2 phòng,,Phường Hố Nai
"Đường Xa Lộ Hà Nội, Phường Hố Nai, Thành phố Biên Hòa, Đồng Nai",,Chung cư,Thành phố Biên Hòa,Đông Nam,,Tây Bắc,,Nội thất cao cấp,2280000000,"30,4 triệu/m²",Giấy tờ khác,Chưa bàn giao,Đồng Nai,2 phòng,75 m²,2 phòng,,Phường Hố Nai
"368 Đường Xa Lộ Hà Nội, Phường Hố Nai, Thành phố Biên Hòa, Tỉnh Đồng Nai., Phường Hố Nai, Thành phố Biên Hòa, Đồng Nai",,Chung cư,Thành phố Biên Hòa,Nam,,Bắc,,Hoàn thiện cơ bản,2200000000,"31,43 triệu/m²",Đang chờ sổ,Chưa bàn giao,Đồng Nai,2 phòng,70 m²,2 phòng,,Phường Hố Nai
"Đường Xa Lộ Hà Nội, Phường Hố Nai, Thành phố Biên Hòa, Đồng Nai",,Chung cư,Thành phố Biên Hòa,,,,10,Bàn giao thô,300000000,"4,55 triệu/m²",Giấy tờ khác,Chưa bàn giao,Đồng Nai,2 phòng,66 m²,2 phòng,10.10,Phường Hố Nai
"368 Đường Xa Lộ Hà Nội, Phường Hố Nai, Thành phố Biên Hòa, Tỉnh Đồng Nai., Phường Hố Nai, Thành phố Biên Hòa, Đồng Nai",,Chung cư,Thành phố Biên Hòa,,,,,Hoàn thiện cơ bản,2350000000,"34,06 triệu/m²",Giấy tờ khác,Chưa bàn giao,Đồng Nai,2 phòng,69 m²,2 phòng,,Phường Hố Nai
"368 Đường Xa Lộ Hà Nội, Phường Hố Nai, Thành phố Biên Hòa, Tỉnh Đồng Nai., Phường Hố Nai, Thành phố Biên Hòa, Đồng Nai",Căn góc,Chung cư,Thành phố Biên Hòa,,,,,Hoàn thiện cơ bản,1600000000,"22,86 triệu/m2",,Chưa bàn giao,Đồng Nai,2 phòng,70 m2,2 phòng,,Phường Hố Nai
"Đường Xa Lộ Hà Nội, Phường Hố Nai, Thành phố Biên Hòa, Đồng Nai",,Chung cư,Thành phố Biên Hòa,,,,,,1700000000,"27,87 triệu/m²",Giấy tờ khác,Chưa bàn giao,Đồng Nai,2 phòng,61 m²,2 phòng,,Phường Hố Nai
"Đường Xa Lộ Hà Nội, Phường Hố Nai, Thành phố Biên Hòa, Đồng Nai",,Chung cư,Thành phố Biên Hòa,,,,,,1900000000,"26,76 triệu/m²",Đang chờ sổ,Chưa bàn giao,Đồng Nai,2 phòng,71 m²,2 phòng,,Phường Hố Nai
"Đường Quốc Lộ 1, Phường Hố Nai, Thành phố Biên Hòa, Đồng Nai",,Chung cư,Thành phố Biên Hòa,,,,,,390000000,"5,49 triệu/m²",Đang chờ sổ,Chưa bàn giao,Đồng Nai,2 phòng,71 m²,2 phòng,,Phường Hố Nai
"Đường Xa Lộ Hà Nội, Phường Hố Nai, Thành phố Biên Hòa, Đồng Nai",,Chung cư,Thành phố Biên Hòa,,,,,,375000000,"5,21 triệu/m²",Đang chờ sổ,Chưa bàn giao,Đồng Nai,2 phòng,72.66 m²,2 phòng,,Phường Hố Nai
"5, Đường D4, Phường Bửu Long, Thành phố Biên Hòa, Đồng Nai",,Chung cư,Thành phố Biên Hòa,Đông Bắc,,Đông Bắc,,,1100000000,22 triệu/m²,Đã có sổ,Đã bàn giao,Đồng Nai,2 phòng,50 m²,1 phòng,,Phường Bửu Long
"Mặt tiền Xa lộ Hà Nội, Phường Hố Nai, Thành phố Biên Hòa, Tỉnh Đồng Nai, Phường Bửu Long, Thành phố Biên Hòa, Đồng Nai",Căn góc,Chung cư,Thành phố Biên Hòa,Đông Nam,,Đông,,,1600000000,"21,33 triệu/m²",Đang chờ sổ,Chưa bàn giao,Đồng Nai,2 phòng,75.5 m²,2 phòng,,Phường Bửu Long
"Đường Võ Thị Sáu, Phường Thống Nhất, Thành phố Biên Hòa, Đồng Nai",,Chung cư,Thành phố Biên Hòa,,,,,,2850000000,"30,32 triệu/m²",,Đã bàn giao,Đồng Nai,2 phòng,94 m²,2 phòng,,Phường Thống Nhất
"Bán đảo Đại Phước, Xã Đại Phước, Huyện Nhơn Trạch, Đồng Nai",Căn góc,Chung cư,Huyện Nhơn Trạch,Nam,River Garden Residences (RG2) SwanBay,Bắc,,Hoàn thiện cơ bản,2482730000,"33,55 triệu/m²",Giấy tờ khác,Chưa bàn giao,Đồng Nai,2 phòng,74.2 m²,2 phòng,,Xã Đại Phước
"Đường Nguyễn Văn Cừ, Xã Phước An, Huyện Nhơn Trạch, Đồng Nai",,Chung cư,Huyện Nhơn Trạch,,,,,,450000000,"13,64 triệu/m²",Đang chờ sổ,Đã bàn giao,Đồng Nai,1 phòng,33 m²,1 phòng,,Xã Phước An
"368 Đường Xa Lộ Hà Nội, Phường Hố Nai, Thành phố Biên Hòa, Tỉnh Đồng Nai., Phường Hố Nai, Thành phố Biên Hòa, Đồng Nai",,Chung cư,Thành phố Biên Hòa,Đông,,Tây,,,2300000000,"32,86 triệu/m²",,Chưa bàn giao,Đồng Nai,2 phòng,70 m²,2 phòng,,Phường Hố Nai
"Đường Võ Thị Sáu, Phường Quyết Thắng, Thành phố Biên Hòa, Đồng Nai",,Chung cư,Thành phố Biên Hòa,,,Đông Nam,,,1900000000,"27,14 triệu/m²",Đã có sổ,Đã bàn giao,Đồng Nai,2 phòng,70 m²,2 phòng,,Phường Quyết Thắng
"Đường Xa Lộ Hà Nội, Phường Hố Nai, Thành phố Biên Hòa, Đồng Nai",,Chung cư,Thành phố Biên Hòa,,Lucky,,12,Nội thất cao cấp,2250000000,"31,69 triệu/m²",Đang chờ sổ,Chưa bàn giao,Đồng Nai,2 phòng,71 m²,2 phòng,,Phường Hố Nai
"Đường Nguyễn Văn Cừ, Xã Phước An, Huyện Nhơn Trạch, Đồng Nai",,Chung cư,Huyện Nhơn Trạch,,,,2,,680000000,"13,08 triệu/m²",Đang chờ sổ,Đã bàn giao,Đồng Nai,2 phòng,52 m²,1 phòng,,Xã Phước An
"368 Đường Xa Lộ Hà Nội, Phường Hố Nai, Thành phố Biên Hòa, Tỉnh Đồng Nai., Phường Hố Nai, Thành phố Biên Hòa, Đồng Nai",,Chung cư,Thành phố Biên Hòa,,P,Đông Bắc,1,Hoàn thiện cơ bản,2500000000,"35,71 triệu/m²",Giấy tờ khác,Đã bàn giao,Đồng Nai,2 phòng,70 m²,2 phòng,P1,Phường Hố Nai
"Đường D9, Phường Thống Nhất, Thành phố Biên Hòa, Đồng Nai",,Chung cư,Thành phố Biên Hòa,,,,,,2250000000,"29,22 triệu/m²",Đang chờ sổ,Đã bàn giao,Đồng Nai,2 phòng,77 m²,2 phòng,,Phường Thống Nhất
"Đường Xa Lộ Hà Nội, Phường Hố Nai, Thành phố Biên Hòa, Đồng Nai",,Chung cư,Thành phố Biên Hòa,,,,10,,2500000000,"33,78 triệu/m²",,Chưa bàn giao,Đồng Nai,2 phòng,74 m²,2 phòng,10,Phường Hố Nai
"Đường Xa Lộ Hà Nội, Phường Hố Nai, Thành phố Biên Hòa, Đồng Nai",Căn góc,Chung cư,Thành phố Biên Hòa,Tây Nam,01,Đông Bắc,12,Hoàn thiện cơ bản,2272000000,"33,41 triệu/m²",Đang chờ sổ,Chưa bàn giao,Đồng Nai,2 phòng,68 m²,2 phòng,u-01-12,Phường Hố Nai
"1314, Đường Võ Thị Sáu, Phường Quyết Thắng, Thành phố Biên Hòa, Đồng Nai",,Chung cư,Thành phố Biên Hòa,,,Nam,,,1500000000,30 triệu/m²,Đã có sổ,Chưa bàn giao,Đồng Nai,1 phòng,50 m²,1 phòng,,Phường Quyết Thắng
"Đường Xa Lộ Hà Nội, Phường Hố Nai, Thành phố Biên Hòa, Đồng Nai",,Chung cư,Thành phố Biên Hòa,,Lucky,,9,Nội thất cao cấp,2700000000,"33,33 triệu/m²",Đang chờ sổ,Chưa bàn giao,Đồng Nai,3 phòng,81 m²,2 phòng,,Phường Hố Nai
"Đường Đồng Khởi, Phường Tam Hòa, Thành phố Biên Hòa, Đồng Nai",,Chung cư,Thành phố Biên Hòa,,,,,,820000000,"22,16 triệu/m²",,Đã bàn giao,Đồng Nai,1 phòng,37.5 m²,1 phòng,,Phường Tam Hòa
"Đường Hương lộ 10, Xã Cẩm Đường, Huyện Long Thành, Đồng Nai",,Duplex,Huyện Long Thành,,,Đông Bắc,,,2500000,1.721 đ/m²,Đã có sổ,Đã bàn giao,Đồng Nai,3 phòng,1452 m²,3 phòng,,Xã Cẩm Đường
"368 Đường Xa Lộ Hà Nội, Phường Hố Nai, Thành phố Biên Hòa, Tỉnh Đồng Nai., Phường Hố Nai, Thành phố Biên Hòa, Đồng Nai",,Chung cư,Thành phố Biên Hòa,,,,,,1600000000,"21,92 triệu/m²",,Chưa bàn giao,Đồng Nai,2 phòng,73 m²,2 phòng,,Phường Hố Nai
"368 Đường Xa Lộ Hà Nội, Phường Hố Nai, Thành phố Biên Hòa, Tỉnh Đồng Nai., Phường Hố Nai, Thành phố Biên Hòa, Đồng Nai",Căn góc,Chung cư,Thành phố Biên Hòa,,PASSION,,19,Nội thất cao cấp,1600000000,"22,86 triệu/m²",Đang chờ sổ,Chưa bàn giao,Đồng Nai,2 phòng,70 m²,2 phòng,P,Phường Hố Nai
"Đường Xa Lộ Hà Nội, Phường Hố Nai, Thành phố Biên Hòa, Đồng Nai",,Chung cư,Thành phố Biên Hòa,,,,,Hoàn thiện cơ bản,1600000000,"22,86 triệu/m²",Đang chờ sổ,Chưa bàn giao,Đồng Nai,2 phòng,70 m²,2 phòng,,Phường Hố Nai
"368 Đường Xa Lộ Hà Nội, Phường Hố Nai, Thành phố Biên Hòa, Tỉnh Đồng Nai., Phường Hố Nai, Thành phố Biên Hòa, Đồng Nai",,Chung cư,Thành phố Biên Hòa,,,,,,1500000000,"23,08 triệu/m²",,Chưa bàn giao,Đồng Nai,2 phòng,65 m²,2 phòng,,Phường Hố Nai
"Đường Xa Lộ Hà Nội, Phường Hố Nai, Thành phố Biên Hòa, Đồng Nai",,Chung cư,Thành phố Biên Hòa,,,,,Hoàn thiện cơ bản,1600000000,"24,62 triệu/m²",Giấy tờ khác,Chưa bàn giao,Đồng Nai,2 phòng,65 m²,2 phòng,,Phường Hố Nai
"368 Đường Xa Lộ Hà Nội, Phường Hố Nai, Thành phố Biên Hòa, Tỉnh Đồng Nai., Phường Hố Nai, Thành phố Biên Hòa, Đồng Nai",,Chung cư,Thành phố Biên Hòa,,,,,,1600000000,"23,19 triệu/m²",,Chưa bàn giao,Đồng Nai,2 phòng,69 m²,2 phòng,,Phường Hố Nai
"368 Đường Xa Lộ Hà Nội, Phường Hố Nai, Thành phố Biên Hòa, Tỉnh Đồng Nai., Phường Hố Nai, Thành phố Biên Hòa, Đồng Nai",Căn góc,Chung cư,Thành phố Biên Hòa,Đông Nam,PASSION,Đông Nam,29,Nội thất cao cấp,1500000000,"21,43 triệu/m²",Đang chờ sổ,Chưa bàn giao,Đồng Nai,2 phòng,70 m²,2 phòng,,Phường Hố Nai
"368 Đường Xa Lộ Hà Nội, Phường Hố Nai, Thành phố Biên Hòa, Tỉnh Đồng Nai., Phường Hố Nai, Thành phố Biên Hòa, Đồng Nai",,Chung cư,Thành phố Biên Hòa,,,,,,1589000000,"23,37 triệu/m²",,Chưa bàn giao,Đồng Nai,2 phòng,68 m²,2 phòng,,Phường Hố Nai
"Đường Quốc Lộ 1, Phường Hố Nai, Thành phố Biên Hòa, Đồng Nai",,Chung cư,Thành phố Biên Hòa,,,,,,1589487365,"21,19 triệu/m²",Đang chờ sổ,Chưa bàn giao,Đồng Nai,2 phòng,75.83 m²,2 phòng,,Phường Hố Nai
"368 Đường Xa Lộ Hà Nội, Phường Hố Nai, Thành phố Biên Hòa, Tỉnh Đồng Nai., Phường Hố Nai, Thành phố Biên Hòa, Đồng Nai",,Chung cư,Thành phố Biên Hòa,,,,,Nội thất cao cấp,1600000000,"22,54 triệu/m²",,Chưa bàn giao,Đồng Nai,2 phòng,71 m²,2 phòng,,Phường Hố Nai
"368 Đường Xa Lộ Hà Nội, Phường Hố Nai, Thành phố Biên Hòa, Tỉnh Đồng Nai., Phường Hố Nai, Thành phố Biên Hòa, Đồng Nai",Căn góc,Chung cư,Thành phố Biên Hòa,,Lucky,,6,Nội thất cao cấp,2200000000,"31,43 triệu/m²",Đang chờ sổ,Chưa bàn giao,Đồng Nai,2 phòng,70 m²,2 phòng,,Phường Hố Nai
"Đường D9, Phường Thống Nhất, Thành phố Biên Hòa, Đồng Nai",,Chung cư,Thành phố Biên Hòa,,,,,Nội thất đầy đủ,2400000000,"31,17 triệu/m²",Đang chờ sổ,Đã bàn giao,Đồng Nai,2 phòng,77 m²,2 phòng,,Phường Thống Nhất
"368 Đường Xa Lộ Hà Nội, Phường Hố Nai, Thành phố Biên Hòa, Tỉnh Đồng Nai.",,Chung cư,Thành phố Biên Hòa,,,,,,1700000000,"22,97 triệu/m²",,Chưa bàn giao,Đồng Nai,2 phòng,74 m²,2 phòng,,Phường Hố Nai
"368 Đường Xa Lộ Hà Nội, Phường Hố Nai, Thành phố Biên Hòa, Tỉnh Đồng Nai., Phường Hố Nai, Thành phố Biên Hòa, Đồng Nai",,Chung cư,Thành phố Biên Hòa,,,,,,1685000000,"24,07 triệu/m²",Giấy tờ khác,Chưa bàn giao,Đồng Nai,2 phòng,70 m²,2 phòng,,Phường Hố Nai
"Đường Đồng Khởi, Phường Tam Hiệp, Thành phố Biên Hòa, Đồng Nai",,Chung cư,Thành phố Biên Hòa,,,,,,1100000000,"18,33 triệu/m²",,Đã bàn giao,Đồng Nai,2 phòng,60 m²,2 phòng,,Phường Tam Hiệp
"Đường Xa Lộ Hà Nội, Phường Hố Nai, Thành phố Biên Hòa, Đồng Nai",,Chung cư,Thành phố Biên Hòa,,,,,,1741000000,"25,6 triệu/m2",,Đã bàn giao,Đồng Nai,2 phòng,68.06 m2,2 phòng,,Phường Hố Nai
"Đường Xa Lộ Hà Nội, Phường Thống Nhất, Thành phố Biên Hòa, Đồng Nai",,Chung cư,Thành phố Biên Hòa,,,,10,Nội thất cao cấp,1519000000,"20,81 triệu/m²",Đã có sổ,Chưa bàn giao,Đồng Nai,2 phòng,73 m²,2 phòng,,Phường Thống Nhất
"Xa Lộ Hà Nội, Phường Hố Nai, Thành phố Biên Hòa, Đồng Nai",,Chung cư,Thành phố Biên Hòa,,,Đông Nam,,Nội thất cao cấp,1900000000,"27,14 triệu/m²",Đã có sổ,Chưa bàn giao,Đồng Nai,2 phòng,70 m²,2 phòng,,Phường Hố Nai
"368 Đường Xa Lộ Hà Nội, Phường Hố Nai, Thành phố Biên Hòa, Tỉnh Đồng Nai.",Căn góc,Chung cư,Thành phố Biên Hòa,,,Đông Nam,,Nội thất cao cấp,1600000000,"22,86 triệu/m²",Đang chờ sổ,Chưa bàn giao,Đồng Nai,2 phòng,70 m²,2 phòng,,Phường Hố Nai
"368 Đường Xa Lộ Hà Nội, Phường Hố Nai, Thành phố Biên Hòa, Tỉnh Đồng Nai., Phường Hố Nai, Thành phố Biên Hòa, Đồng Nai",Căn góc,Chung cư,Thành phố Biên Hòa,,,,,Nội thất cao cấp,350000000,"5,22 triệu/m²",Đang chờ sổ,Chưa bàn giao,Đồng Nai,2 phòng,67 m²,2 phòng,,Phường Hố Nai
"Đường Đồng Khởi, Phường Tam Hòa, Thành phố Biên Hòa, Đồng Nai",,Chung cư,Thành phố Biên Hòa,Nam,A,,19,Hoàn thiện cơ bản,850000000,"21,79 triệu/m²",Giấy tờ khác,Đã bàn giao,Đồng Nai,1 phòng,39 m²,1 phòng,A4.3,Phường Tam Hòa
"368 Đường Xa Lộ Hà Nội, Phường Hố Nai, Thành phố Biên Hòa, Tỉnh Đồng Nai.",Căn góc,Chung cư,Thành phố Biên Hòa,,,,,Hoàn thiện cơ bản,1635000000,"22,4 triệu/m²",Giấy tờ khác,Chưa bàn giao,Đồng Nai,2 phòng,73 m²,2 phòng,,Phường Hố Nai
"Đường Quốc lộ 1A, Phường Hố Nai, Thành phố Biên Hòa, Đồng Nai",,Chung cư,Thành phố Biên Hòa,Đông Nam,v1,Tây Bắc,,Hoàn thiện cơ bản,2140000000,"29,72 triệu/m²",Đang chờ sổ,Chưa bàn giao,Đồng Nai,2 phòng,72 m²,2 phòng,,Phường Hố Nai
"Đường D9, Phường Thống Nhất, Thành phố Biên Hòa, Đồng Nai",,Chung cư,Thành phố Biên Hòa,,,,,,2450000000,"31,82 triệu/m²",Giấy tờ khác,Đã bàn giao,Đồng Nai,2 phòng,77 m²,2 phòng,,Phường Thống Nhất
"nguyễn ái quốc, Phường Bửu Long, Thành phố Biên Hòa, Đồng Nai",Căn góc,Chung cư,Thành phố Biên Hòa,,,Tây Bắc,,Nội thất cao cấp,1390000000,"27,8 triệu/m²",Đã có sổ,Đã bàn giao,Đồng Nai,2 phòng,50 m²,1 phòng,,Phường Bửu Long
"Lữ Mạnh, Phường Thanh Bình, Thành phố Biên Hòa, Đồng Nai",,Chung cư,Thành phố Biên Hòa,,,,,,1800000000,"22,5 triệu/m²",Đã có sổ,Đã bàn giao,Đồng Nai,3 phòng,80 m²,2 phòng,,Phường Thanh Bình
"Đường D9, Phường Thống Nhất, Thành phố Biên Hòa, Đồng Nai",Căn góc,Chung cư,Thành phố Biên Hòa,Tây,,Nam,,Nội thất đầy đủ,2000000000,"31,75 triệu/m²",Đang chờ sổ,Đã bàn giao,Đồng Nai,1 phòng,63.36 m²,1 phòng,,Phường Thống Nhất
"368 Đường Xa Lộ Hà Nội, Phường Hố Nai, Thành phố Biên Hòa, Tỉnh Đồng Nai., Phường Hố Nai, Thành phố Biên Hòa, Đồng Nai",,Chung cư,Thành phố Biên Hòa,,,Đông Bắc,,,1563000000,"20,84 triệu/m²",,Chưa bàn giao,Đồng Nai,2 phòng,75.83 m²,2 phòng,,Phường Hố Nai
"368 Đường Xa Lộ Hà Nội, Phường Hố Nai, Thành phố Biên Hòa, Tỉnh Đồng Nai., Phường Hố Nai, Thành phố Biên Hòa, Đồng Nai",,Chung cư,Thành phố Biên Hòa,,,,,,1750000000,"23,65 triệu/m²",,Chưa bàn giao,Đồng Nai,2 phòng,74 m²,2 phòng,,Phường Hố Nai
"đường Nguyễn Bỉnh Khiêm, Phường Bửu Long, Thành phố Biên Hòa, Đồng Nai",Căn góc,Chung cư,Thành phố Biên Hòa,,,,,Nội thất cao cấp,1390000000,"27,8 triệu/m²",Đã có sổ,Đã bàn giao,Đồng Nai,2 phòng,50 m²,1 phòng,,Phường Bửu Long
"Đường Quốc Lộ 1, Phường Hố Nai, Thành phố Biên Hòa, Đồng Nai",,Chung cư,Thành phố Biên Hòa,,,,,,375000000,"5,28 triệu/m²",Đang chờ sổ,Chưa bàn giao,Đồng Nai,2 phòng,71 m²,2 phòng,,Phường Hố Nai
"368 Đường Xa Lộ Hà Nội, Phường Hố Nai, Thành phố Biên Hòa, Tỉnh Đồng Nai., Phường Hố Nai, Thành phố Biên Hòa, Đồng Nai",,Chung cư,Thành phố Biên Hòa,Đông Bắc,,Nam,,,1700000000,"24,29 triệu/m²",,Chưa bàn giao,Đồng Nai,2 phòng,70 m²,2 phòng,,Phường Hố Nai
"Đường Xa Lộ Hà Nội, Phường Hố Nai, Thành phố Biên Hòa, Đồng Nai",Căn góc,Chung cư,Thành phố Biên Hòa,,,,,Hoàn thiện cơ bản,2499340000,"35,7 triệu/m²",Đang chờ sổ,Chưa bàn giao,Đồng Nai,2 phòng,70 m²,2 phòng,,Phường Hố Nai
"368 Đường Xa Lộ Hà Nội, Phường Hố Nai, Thành phố Biên Hòa, Tỉnh Đồng Nai.",Căn góc,Chung cư,Thành phố Biên Hòa,,,Tây Bắc,,Hoàn thiện cơ bản,2500000000,"33,33 triệu/m²",Đang chờ sổ,Chưa bàn giao,Đồng Nai,2 phòng,75 m²,2 phòng,,Phường Hố Nai
"XA LỘ HÀ NỘI, Phường Hố Nai, Thành phố Biên Hòa, Đồng Nai",,Chung cư,Thành phố Biên Hòa,,,,,Nội thất cao cấp,2530000000,"33,73 triệu/m²",Đang chờ sổ,Chưa bàn giao,Đồng Nai,2 phòng,75 m²,2 phòng,,Phường Hố Nai
"368 Đường Xa Lộ Hà Nội, Phường Hố Nai, Thành phố Biên Hòa, Tỉnh Đồng Nai., Phường Hố Nai, Thành phố Biên Hòa, Đồng Nai",,Chung cư,Thành phố Biên Hòa,Đông Nam,Passion,Tây Bắc,16,Nội thất cao cấp,1928000000,"23,8 triệu/m²",Giấy tờ khác,Chưa bàn giao,Đồng Nai,3 phòng,81.22 m²,2 phòng,P.16.08,Phường Hố Nai
"21/5, Đường N1, Phường Bửu Long, Thành phố Biên Hòa, Đồng Nai",,Duplex,Thành phố Biên Hòa,Tây,,Tây,3,,3650000000,"24,33 triệu/m²",Đã có sổ,Chưa bàn giao,Đồng Nai,3 phòng,150 m²,3 phòng,,Phường Bửu Long
"Đường Đồng Khởi, Phường Tam Hòa, Thành phố Biên Hòa, Đồng Nai",Căn góc,Chung cư,Thành phố Biên Hòa,,,,,,790000000,"19,75 triệu/m²",Đã có sổ,Đã bàn giao,Đồng Nai,1 phòng,40 m²,1 phòng,,Phường Tam Hòa
"Đường Đồng Khởi, Phường Tam Hòa, Thành phố Biên Hòa, Đồng Nai",,Chung cư,Thành phố Biên Hòa,,A1,,18,Nội thất đầy đủ,1340000000,"19,14 triệu/m²",Đang chờ sổ,Đã bàn giao,Đồng Nai,2 phòng,70 m²,2 phòng,,Phường Tam Hòa
"Đường Xa Lộ Hà Nội, Phường Hố Nai, Thành phố Biên Hòa, Đồng Nai",Căn góc,Chung cư,Thành phố Biên Hòa,,,,,,1700000000,25 triệu/m²,Đã có sổ,Chưa bàn giao,Đồng Nai,2 phòng,68 m²,2 phòng,,Phường Hố Nai
"368 Đường Xa Lộ Hà Nội, Phường Hố Nai, Thành phố Biên Hòa, Tỉnh Đồng Nai., Phường Hố Nai, Thành phố Biên Hòa, Đồng Nai",,Chung cư,Thành phố Biên Hòa,Đông Nam,Passion,Tây Bắc,,Hoàn thiện cơ bản,1700000000,"24,29 triệu/m²",Đang chờ sổ,Chưa bàn giao,Đồng Nai,2 phòng,70 m²,2 phòng,,Phường Hố Nai
"368 Đường Xa Lộ Hà Nội, Phường Hố Nai, Thành phố Biên Hòa, Tỉnh Đồng Nai., Phường Hố Nai, Thành phố Biên Hòa, Đồng Nai",Căn góc,Chung cư,Thành phố Biên Hòa,,,,,Nội thất cao cấp,1557000000,"22,24 triệu/m²",Đang chờ sổ,Chưa bàn giao,Đồng Nai,2 phòng,70 m²,2 phòng,,Phường Hố Nai
"368 Đường Xa Lộ Hà Nội, Phường Hố Nai, Thành phố Biên Hòa, Tỉnh Đồng Nai., Phường Hố Nai, Thành phố Biên Hòa, Đồng Nai",,Chung cư,Thành phố Biên Hòa,,,,,,2300000000,"22,55 triệu/m²",,Chưa bàn giao,Đồng Nai,3 phòng,102 m²,2 phòng,,Phường Hố Nai
"Đường Quốc Lộ 1, Phường Hố Nai, Thành phố Biên Hòa, Đồng Nai",,Chung cư,Thành phố Biên Hòa,,,,,,453000000,"6,47 triệu/m²",Đang chờ sổ,Chưa bàn giao,Đồng Nai,2 phòng,70.76 m²,2 phòng,,Phường Hố Nai
"Đường D9, Phường Thống Nhất, Thành phố Biên Hòa, Đồng Nai",,Chung cư,Thành phố Biên Hòa,,,,,Hoàn thiện cơ bản,3800000000,"46,34 triệu/m²",Đang chờ sổ,Đã bàn giao,Đồng Nai,2 phòng,82.5 m²,2 phòng,,Phường Thống Nhất
"368 Đường Xa Lộ Hà Nội, Phường Hố Nai, Thành phố Biên Hòa, Tỉnh Đồng Nai., Phường Hố Nai, Thành phố Biên Hòa, Đồng Nai",,Chung cư,Thành phố Biên Hòa,,,,,Hoàn thiện cơ bản,20000000,285.714 đ/m²,Giấy tờ khác,Chưa bàn giao,Đồng Nai,2 phòng,70 m²,2 phòng,,Phường Hố Nai
"368 Đường Xa Lộ Hà Nội, Phường Hố Nai, Thành phố Biên Hòa, Tỉnh Đồng Nai., Phường Hố Nai, Thành phố Biên Hòa, Đồng Nai",Căn góc,Chung cư,Thành phố Biên Hòa,Đông Nam,PASSION,Đông Nam,24,Nội thất cao cấp,1600000000,"22,22 triệu/m²",Đang chờ sổ,Chưa bàn giao,Đồng Nai,2 phòng,72 m²,2 phòng,,Phường Hố Nai
"Xa lộ hà nội, Phường Hố Nai, Thành phố Biên Hòa, Đồng Nai",Căn góc,Chung cư,Thành phố Biên Hòa,,,,,Nội thất cao cấp,2000000000,"28,57 triệu/m²",Đã có sổ,Chưa bàn giao,Đồng Nai,2 phòng,70 m²,2 phòng,,Phường Hố Nai
"xa lộ Hà Nội, Phường Hố Nai, Thành phố Biên Hòa, Đồng Nai",,Chung cư,Thành phố Biên Hòa,,,,,Nội thất cao cấp,2500000000,"29,76 triệu/m²",Đã có sổ,Chưa bàn giao,Đồng Nai,3 phòng,84 m²,2 phòng,,Phường Hố Nai
"368 Đường Xa Lộ Hà Nội, Phường Hố Nai, Thành phố Biên Hòa, Tỉnh Đồng Nai., Phường Hố Nai, Thành phố Biên Hòa, Đồng Nai",Căn góc,Chung cư,Thành phố Biên Hòa,,P,,9,Nội thất cao cấp,1620000000,"22,5 triệu/m²",Giấy tờ khác,Chưa bàn giao,Đồng Nai,2 phòng,72 m²,2 phòng,P9.09,Phường Hố Nai
"368 Đường Xa Lộ Hà Nội, Phường Hố Nai, Thành phố Biên Hòa, Tỉnh Đồng Nai., Phường Hố Nai, Thành phố Biên Hòa, Đồng Nai",,Chung cư,Thành phố Biên Hòa,,,,,,2513784000,"36,43 triệu/m²",Đang chờ sổ,Chưa bàn giao,Đồng Nai,2 phòng,69.06 m²,2 phòng,,Phường Hố Nai
"368 Đường Xa Lộ Hà Nội, Phường Hố Nai, Thành phố Biên Hòa, Tỉnh Đồng Nai., Phường Hố Nai, Thành phố Biên Hòa, Đồng Nai",Căn góc,Chung cư,Thành phố Biên Hòa,Đông Nam,LUCKY,Tây Bắc,13,Nội thất cao cấp,1668000000,"23,83 triệu/m²",Đang chờ sổ,Chưa bàn giao,Đồng Nai,2 phòng,70 m²,2 phòng,L.13.07,Phường Hố Nai
