id,list_time,type_real_estate,ward,area,region,address,property_status,price_m2,direction,balconydirection,property_legal_document,size,floornumber,apartment_type,furnishing_sell,apartment_feature,rooms,toilets,floors,house_type,living_size,width,length,land_type,property_road_condition,land_feature,property_back_condition,price
88869349,1636101911354,Căn hộ/Chung cư,Phường Tam Hòa,Thành phố Biên Hòa,Đồng Nai,"Đường Đồng Khởi, Phường Tam Hòa, Thành phố Biên Hòa, Đồng Nai",Đã bàn giao,"16,43 triệu/m²",,,Đang chờ sổ,70 m²,,Chung cư,,,2 phòng,2 phòng,,,,,,,,,,1150000000
89325874,1636100818000,Căn hộ/Chung cư,Phường Thống Nhất,Thành phố Biên Hòa,Đồng Nai,"Đường Võ Thị Sáu, Phường Thống Nhất, Thành phố Biên Hòa, Đồng Nai",Đã bàn giao,"32,29 triệu/m²",Bắc,Nam,Đã có sổ,48 m²,,Chung cư,Nội thất đầy đủ,,1 phòng,1 phòng,,,,,,,,,,1550000000
87924820,1636098379997,Căn hộ/Chung cư,Phường Hố Nai,Thành phố Biên Hòa,Đồng Nai,"368 Đường Xa Lộ Hà Nội, Phường Hố Nai, Thành phố Biên Hòa, Tỉnh Đồng Nai., Phường Hố Nai, Thành phố Biên Hòa, Đồng Nai",Chưa bàn giao,"5,37 triệu/m²",,,Giấy tờ khác,67 m²,,Chung cư,Hoàn thiện cơ bản,,2 phòng,2 phòng,,,,,,,,,,360000000
89311358,1636079885000,Căn hộ/Chung cư,Phường Hố Nai,Thành phố Biên Hòa,Đồng Nai,"368 Đường Xa Lộ Hà Nội, Phường Hố Nai, Thành phố Biên Hòa, Tỉnh Đồng Nai., Phường Hố Nai, Thành phố Biên Hòa, Đồng Nai",Chưa bàn giao,"24,29 triệu/m²",,,Đã có sổ,70 m²,,Chung cư,,,2 phòng,2 phòng,,,,,,,,,,1700000000
89200226,1636079727813,Căn hộ/Chung cư,Phường Thống Nhất,Thành phố Biên Hòa,Đồng Nai,"Đường Võ Thị Sáu, Phường Thống Nhất, Thành phố Biên Hòa, Đồng Nai",Đã bàn giao,208.333 đ/m²,,,Đã có sổ,48 m²,,Chung cư,,,2 phòng,1 phòng,,,,,,,,,,10000000
88611524,1636073105394,Căn hộ/Chung cư,Phường Hoá An,Thành phố Biên Hòa,Đồng Nai,"407, Đường Quốc lộ 1K, Phường Hoá An, Thành phố Biên Hòa, Đồng Nai",Đã bàn giao,"10,92 triệu/m²",Đông Bắc,Đông Nam,Đã có sổ,76 m²,,Chung cư,Nội thất đầy đủ,,2 phòng,1 phòng,,,,,,,,,,830000000
89304638,1636039275000,Căn hộ/Chung cư,Phường Hố Nai,Thành phố Biên Hòa,Đồng Nai,"368 Đường Xa Lộ Hà Nội, Phường Hố Nai, Thành phố Biên Hòa, Tỉnh Đồng Nai., Phường Hố Nai, Thành phố Biên Hòa, Đồng Nai",Chưa bàn giao,"33,82 triệu/m²",,,Đang chờ sổ,68 m²,,Chung cư,Hoàn thiện cơ bản,,2 phòng,2 phòng,,,,,,,,,,2300000000
87754220,1636026301653,Căn hộ/Chung cư,Phường Hố Nai,Thành phố Biên Hòa,Đồng Nai,"368 Đường Xa Lộ Hà Nội, Phường Hố Nai, Thành phố Biên Hòa, Tỉnh Đồng Nai., Phường Hố Nai, Thành phố Biên Hòa, Đồng Nai",Chưa bàn giao,"32,84 triệu/m²",Đông Nam,Tây,Giấy tờ khác,67 m²,16,Chung cư,Hoàn thiện cơ bản,,2 phòng,2 phòng,,,,,,,,,,2200000000
89262108,1636014832638,Căn hộ/Chung cư,Phường Thống Nhất,Thành phố Biên Hòa,Đồng Nai,"đường vo thi sau, Phường Thống Nhất, Thành phố Biên Hòa, Đồng Nai",Đã bàn giao,"31,38 triệu/m²",,,Đang chờ sổ,94 m²,,Chung cư,Bàn giao thô,,2 phòng,2 phòng,,,,,,,,,,2950000000
89261985,1636013633612,Căn hộ/Chung cư,Phường Thống Nhất,Thành phố Biên Hòa,Đồng Nai,"Đường Võ Thị Sáu, Phường Thống Nhất, Thành phố Biên Hòa, Đồng Nai",Đã bàn giao,"35,48 triệu/m²",,,Đang chờ sổ,62 m²,,Chung cư,Nội thất cao cấp,,1 phòng,2 phòng,,,,,,,,,,2200000000
89289474,1636005497000,Căn hộ/Chung cư,Phường Tam Hòa,Thành phố Biên Hòa,Đồng Nai,"Đường Đồng Khởi, Phường Tam Hòa, Thành phố Biên Hòa, Đồng Nai",Đã bàn giao,"19,14 triệu/m²",,,,70 m²,,Chung cư,Nội thất đầy đủ,,2 phòng,2 phòng,,,,,,,,,,1340000000
85918142,1635991997701,Căn hộ/Chung cư,Phường Hoá An,Thành phố Biên Hòa,Đồng Nai,"Đường Nguyễn Ái Quốc, Phường Hoá An, Thành phố Biên Hòa, Đồng Nai",Đã bàn giao,"12,04 triệu/m²",,,Đã có sổ,108 m²,,Chung cư,,,3 phòng,2 phòng,,,,,,,,,,1300000000
87843697,1635991910103,Căn hộ/Chung cư,Phường Hố Nai,Thành phố Biên Hòa,Đồng Nai,"368 Đường Xa Lộ Hà Nội, Phường Hố Nai, Thành phố Biên Hòa, Tỉnh Đồng Nai., Phường Hố Nai, Thành phố Biên Hòa, Đồng Nai",Chưa bàn giao,"21,92 triệu/m²",Đông Nam,Đông,Đang chờ sổ,73 m²,,Chung cư,Nội thất cao cấp,Căn góc,2 phòng,2 phòng,,,,,,,,,,1600000000
87866394,1635990712101,Căn hộ/Chung cư,Phường Bửu Long,Thành phố Biên Hòa,Đồng Nai,"Mặt tiền Xa lộ Hà Nội, Phường Hố Nai, Thành phố Biên Hòa, Tỉnh Đồng Nai, Phường Bửu Long, Thành phố Biên Hòa, Đồng Nai",Chưa bàn giao,"21,33 triệu/m²",Đông,Đông Nam,Đang chờ sổ,75.5 m²,,Chung cư,,Căn góc,2 phòng,2 phòng,,,,,,,,,,1600000000
89277989,1635989749000,Căn hộ/Chung cư,Xã Đại Phước,Huyện Nhơn Trạch,Đồng Nai,"khu dân cư đảo đại phước, Đường Lý Tự Trọng, Xã Đại Phước, Huyện Nhơn Trạch, Đồng Nai",Chưa bàn giao,"36,18 triệu/m²",Đông Bắc,Tây Nam,Đang chờ sổ,45.7 m²,7,Chung cư,Hoàn thiện cơ bản,,1 phòng,1 phòng,,,,,,,,,,1628000000
89273757,1635957222000,Căn hộ/Chung cư,Xã Phước An,Huyện Nhơn Trạch,Đồng Nai,"Đường Nguyễn Văn Cừ, Xã Phước An, Huyện Nhơn Trạch, Đồng Nai",Đã bàn giao,"12,12 triệu/m²",,,Đang chờ sổ,33 m²,,Chung cư,Nội thất đầy đủ,,1 phòng,1 phòng,,,,,,,,,,400000000
89273714,1635956777000,Căn hộ/Chung cư,Xã Phước An,Huyện Nhơn Trạch,Đồng Nai,"Đường Nguyễn Văn Cừ, Xã Phước An, Huyện Nhơn Trạch, Đồng Nai",Đã bàn giao,"10,94 triệu/m²",,,Đang chờ sổ,53 m²,,Chung cư,Hoàn thiện cơ bản,,1 phòng,1 phòng,,,,,,,,,,580000000
88403815,1635941536287,Căn hộ/Chung cư,Phường An Bình,Thành phố Biên Hòa,Đồng Nai,"Đường Trần Quốc Toản, Phường An Bình, Thành phố Biên Hòa, Đồng Nai",Chưa bàn giao,18 triệu/m²,Đông,,Đã có sổ,35 m²,4,Chung cư,Hoàn thiện cơ bản,,1 phòng,1 phòng,,,,,,,,,,630000000
88593454,1635928460949,Căn hộ/Chung cư,Phường Tam Hòa,Thành phố Biên Hòa,Đồng Nai,"Đồng Khởi, Phường Tam Hòa, Thành phố Biên Hòa, Đồng Nai",Đã bàn giao,"19,29 triệu/m2",,,Đã có sổ,70 m2,,Chung cư,Nội thất cao cấp,,2 phòng,2 phòng,,,,,,,,,,1350000000
88866190,1635919157019,Căn hộ/Chung cư,Phường Phước Tân,Thành phố Biên Hòa,Đồng Nai,"Đường Đinh Quang Ân, Phường Phước Tân, Thành phố Biên Hòa, Đồng Nai",Đã bàn giao,"13,3 triệu/m²",,,Đã có sổ,94 m²,,Chung cư,,,1 phòng,1 phòng,,,,,,,,,,1250000000
89248838,1635908318000,Căn hộ/Chung cư,Phường Thống Nhất,Thành phố Biên Hòa,Đồng Nai,"Đường D9, Phường Thống Nhất, Thành phố Biên Hòa, Đồng Nai",Đã bàn giao,"34,94 triệu/m²",,Tây,Đang chờ sổ,83 m²,,Chung cư,Nội thất cao cấp,Căn góc,2 phòng,2 phòng,,,,,,,,,,2900000000
79876849,1635906463125,Căn hộ/Chung cư,Phường Hố Nai,Thành phố Biên Hòa,Đồng Nai,"Đường Quốc lộ 1A, Phường Hố Nai, Thành phố Biên Hòa, Đồng Nai",Chưa bàn giao,"25,56 triệu/m²",Tây Bắc,Đông Nam,Đang chờ sổ,72 m²,12,Chung cư,Hoàn thiện cơ bản,,2 phòng,2 phòng,,,,,,,,,,1840000000
89246843,1635905379000,Căn hộ/Chung cư,Phường Hòa Bình,Thành phố Biên Hòa,Đồng Nai,"Đường Huỳnh Văn Lũy, Phường Hòa Bình, Thành phố Biên Hòa, Đồng Nai",Đã bàn giao,"18,87 triệu/m²",,,Đã có sổ,53 m²,1,Chung cư,Hoàn thiện cơ bản,Căn góc,2 phòng,1 phòng,,,,,,,,,,1000000000
88805932,1635867623451,Căn hộ/Chung cư,Phường Thanh Bình,Thành phố Biên Hòa,Đồng Nai,"Đường Cách Mạng Tháng Tám, Phường Thanh Bình, Thành phố Biên Hòa, Đồng Nai",Đã bàn giao,"22,73 triệu/m²",Đông Nam,,Đã có sổ,66 m²,,Chung cư,Hoàn thiện cơ bản,,2 phòng,2 phòng,,,,,,,,,,1500000000
89202453,1635854491094,Căn hộ/Chung cư,Phường Tam Hòa,Thành phố Biên Hòa,Đồng Nai,"đồng khởi, Phường Tam Hòa, Thành phố Biên Hòa, Đồng Nai",Đã bàn giao,"16,43 triệu/m²",,,Đã có sổ,70 m²,,Chung cư,,Căn góc,2 phòng,2 phòng,,,,,,,,,,1150000000
89214133,1635819845000,Căn hộ/Chung cư,Phường Thống Nhất,Thành phố Biên Hòa,Đồng Nai,"Đường D9, Phường Thống Nhất, Thành phố Biên Hòa, Đồng Nai",Đã bàn giao,"32,93 triệu/m²",,,Đang chờ sổ,82 m²,,Chung cư,Nội thất đầy đủ,Căn góc,2 phòng,2 phòng,,,,,,,,,,2700000000
88584531,1635812491440,Căn hộ/Chung cư,Phường Quyết Thắng,Thành phố Biên Hòa,Đồng Nai,"Đường Võ Thị Sáu, Phường Quyết Thắng, Thành phố Biên Hòa, Đồng Nai",Đã bàn giao,"33,14 triệu/m²",,,Đã có sổ,70 m²,12,Chung cư,,,2 phòng,2 phòng,,,,,,,,,,2320000000
89177521,1635810887037,Căn hộ/Chung cư,Phường Bửu Long,Thành phố Biên Hòa,Đồng Nai,"Đường N12, Phường Bửu Long, Thành phố Biên Hòa, Đồng Nai",Đã bàn giao,23 triệu/m²,Đông Bắc,,Đã có sổ,50 m²,,Chung cư,,Căn góc,2 phòng,1 phòng,,,,,,,,,,1150000000
88842904,1635810701234,Căn hộ/Chung cư,Phường Thống Nhất,Thành phố Biên Hòa,Đồng Nai,"Đường D9, Phường Thống Nhất, Thành phố Biên Hòa, Đồng Nai",Đã bàn giao,"32,98 triệu/m²",Bắc,Nam,Đã có sổ,47 m²,,Chung cư,Nội thất đầy đủ,,1 phòng,1 phòng,,,,,,,,,,1550000000
89207873,1635782526000,Căn hộ/Chung cư,Phường Thống Nhất,Thành phố Biên Hòa,Đồng Nai,"Đường D9, Phường Thống Nhất, Thành phố Biên Hòa, Đồng Nai",Đã bàn giao,"32,93 triệu/m²",,,Đã có sổ,82 m²,,Chung cư,,Căn góc,2 phòng,2 phòng,,,,,,,,,,2700000000
88960340,1635763358256,Căn hộ/Chung cư,Phường Thống Nhất,Thành phố Biên Hòa,Đồng Nai,"Đường D9, Phường Thống Nhất, Thành phố Biên Hòa, Đồng Nai",Đã bàn giao,"36,35 triệu/m²",,,Đang chờ sổ,63 m²,,Chung cư,Nội thất cao cấp,Căn góc,1 phòng,1 phòng,,,,,,,,,,2290000000
88649580,1635751978750,Căn hộ/Chung cư,Phường Thống Nhất,Thành phố Biên Hòa,Đồng Nai,"Đường Võ Thị Sáu, Phường Thống Nhất, Thành phố Biên Hòa, Đồng Nai",Đã bàn giao,"32,41 triệu/m²",,,Đã có sổ,54 m²,14,Chung cư,,Căn góc,2 phòng,1 phòng,,,,,,,,,,1750000000
85389000,1635740637261,Căn hộ/Chung cư,Phường Hố Nai,Thành phố Biên Hòa,Đồng Nai,"368 Đường Xa Lộ Hà Nội, Phường Hố Nai, Thành phố Biên Hòa, Tỉnh Đồng Nai., Phường Hố Nai, Thành phố Biên Hòa, Đồng Nai",Chưa bàn giao,"32,75 triệu/m²",Đông Nam,Đông Nam,Đang chờ sổ,69 m²,18,Chung cư,Hoàn thiện cơ bản,,2 phòng,2 phòng,,,,,,,,,,2260000000
87656380,1635740078740,Căn hộ/Chung cư,Phường Hố Nai,Thành phố Biên Hòa,Đồng Nai,"368 Đường Xa Lộ Hà Nội, Phường Hố Nai, Thành phố Biên Hòa, Tỉnh Đồng Nai., Phường Hố Nai, Thành phố Biên Hòa, Đồng Nai",Chưa bàn giao,"23,94 triệu/m²",Tây Bắc,Đông Nam,Đang chờ sổ,71.5 m²,18,Chung cư,Hoàn thiện cơ bản,,2 phòng,2 phòng,,,,,,,,,,1700000000
87997075,1635737156773,Căn hộ/Chung cư,Phường Hố Nai,Thành phố Biên Hòa,Đồng Nai,"Đường Xa Lộ Hà Nội, Phường Hố Nai, Thành phố Biên Hòa, Đồng Nai",Chưa bàn giao,"22,86 triệu/m²",,,Đang chờ sổ,70 m²,,Chung cư,Hoàn thiện cơ bản,,2 phòng,2 phòng,,,,,,,,,,1600000000
89180940,1635730916000,Căn hộ/Chung cư,Phường Tam Hòa,Thành phố Biên Hòa,Đồng Nai,"Đường Đồng Khởi, Phường Tam Hòa, Thành phố Biên Hòa, Đồng Nai",Chưa bàn giao,20 triệu/m²,,,Đang chờ sổ,39 m²,,Chung cư,,,1 phòng,1 phòng,,,,,,,,,,780000000
88749158,1635724948597,Căn hộ/Chung cư,Phường Tam Hòa,Thành phố Biên Hòa,Đồng Nai,"Đường Đồng Khởi, Phường Tam Hòa, Thành phố Biên Hòa, Đồng Nai",Đã bàn giao,"16,29 triệu/m²",,,Đang chờ sổ,70 m²,,Chung cư,,Căn góc,2 phòng,2 phòng,,,,,,,,,,1140000000
88179558,1635680603455,Căn hộ/Chung cư,Phường Tam Hiệp,Thành phố Biên Hòa,Đồng Nai,"Đường Đồng Khởi, Phường Tam Hiệp, Thành phố Biên Hòa, Đồng Nai",Đã bàn giao,"18,33 triệu/m²",,,,60 m²,,Chung cư,,,2 phòng,2 phòng,,,,,,,,,,1100000000
89142955,1635588357000,Căn hộ/Chung cư,Phường Hoá An,Thành phố Biên Hòa,Đồng Nai,"Đường 1K, Phường Hoá An, Thành phố Biên Hòa, Đồng Nai",Đã bàn giao,15 triệu/m²,,,Đã có sổ,50 m²,,Chung cư,,Căn góc,2 phòng,2 phòng,,,,,,,,,,750000000
89139575,1635581615000,Căn hộ/Chung cư,Phường Tân Hiệp,Thành phố Biên Hòa,Đồng Nai,"Đường Đồng Khởi, Phường Tân Hiệp, Thành phố Biên Hòa, Đồng Nai",Đã bàn giao,"20,51 triệu/m²",,,Đã có sổ,39 m²,,Chung cư,Hoàn thiện cơ bản,,1 phòng,1 phòng,,,,,,,,,,800000000
89129242,1635566494000,Căn hộ/Chung cư,Phường Quyết Thắng,Thành phố Biên Hòa,Đồng Nai,"Đường Võ Thị Sáu, Phường Quyết Thắng, Thành phố Biên Hòa, Đồng Nai",Đã bàn giao,"32,41 triệu/m²",,,Đã có sổ,54 m²,,Chung cư,Nội thất đầy đủ,Căn góc,2 phòng,1 phòng,,,,,,,,,,1750000000
89128490,1635565575000,Căn hộ/Chung cư,Xã Phước An,Huyện Nhơn Trạch,Đồng Nai,"Đường 319, Xã Phước An, Huyện Nhơn Trạch, Đồng Nai",Đã bàn giao,"12,12 triệu/m²",,,Đang chờ sổ,33 m²,,Chung cư,Hoàn thiện cơ bản,,1 phòng,1 phòng,,,,,,,,,,400000000
88854116,1635564187402,Căn hộ/Chung cư,Phường Hố Nai,Thành phố Biên Hòa,Đồng Nai,"Đường Xa Lộ Hà Nội, Phường Hố Nai, Thành phố Biên Hòa, Đồng Nai",Chưa bàn giao,"28,68 triệu/m²",,,Đang chờ sổ,68 m²,,Chung cư,Hoàn thiện cơ bản,,2 phòng,2 phòng,,,,,,,,,,1950000000
89122520,1635558651000,Căn hộ/Chung cư,Phường Hố Nai,Thành phố Biên Hòa,Đồng Nai,"Đường Xa Lộ Hà Nội, Phường Hố Nai, Thành phố Biên Hòa, Đồng Nai",Chưa bàn giao,"9,72 triệu/m²",,,Đã có sổ,72 m²,,Chung cư,Hoàn thiện cơ bản,,2 phòng,2 phòng,,,,,,,,,,700000000
89117977,1635523389000,Căn hộ/Chung cư,Phường Thống Nhất,Thành phố Biên Hòa,Đồng Nai,"Đường D9, Phường Thống Nhất, Thành phố Biên Hòa, Đồng Nai",Đã bàn giao,"35,21 triệu/m²",,,Đang chờ sổ,48 m²,,Chung cư,Nội thất đầy đủ,,1 phòng,1 phòng,,,,,,,,,,1690000000
88629739,1635518682998,Căn hộ/Chung cư,Phường Thống Nhất,Thành phố Biên Hòa,Đồng Nai,"Đường Võ Thị Sáu, Phường Thống Nhất, Thành phố Biên Hòa, Đồng Nai",Đã bàn giao,"30,91 triệu/m²",,,Đang chờ sổ,77 m²,12,Chung cư,Hoàn thiện cơ bản,,2 phòng,2 phòng,,,,,,,,,,2380000000
88966117,1635509592161,Căn hộ/Chung cư,Phường Tam Hòa,Thành phố Biên Hòa,Đồng Nai,"Đường Đồng Khởi, Phường Tam Hòa, Thành phố Biên Hòa, Đồng Nai",Đã bàn giao,"22,26 triệu/m2",,,Đã có sổ,53 m2,,Chung cư,,,2 phòng,2 phòng,,,,,,,,,,1180000000
88113985,1635495482541,Căn hộ/Chung cư,Phường Tam Hòa,Thành phố Biên Hòa,Đồng Nai,"Đường Đồng Khởi, Phường Tam Hòa, Thành phố Biên Hòa, Đồng Nai",Đã bàn giao,"19,14 triệu/m²",,,Đang chờ sổ,70 m²,18,Chung cư,Nội thất đầy đủ,,2 phòng,2 phòng,,,,,,,,,,1340000000
88744031,1635495476455,Căn hộ/Chung cư,Phường Thống Nhất,Thành phố Biên Hòa,Đồng Nai,"Đường D9, Phường Thống Nhất, Thành phố Biên Hòa, Đồng Nai",Đã bàn giao,"28,57 triệu/m²",,,Đã có sổ,77 m²,,Chung cư,Nội thất cao cấp,Căn góc,2 phòng,2 phòng,,,,,,,,,,2200000000
88772132,1635494281434,Căn hộ/Chung cư,Phường Thống Nhất,Thành phố Biên Hòa,Đồng Nai,"Đường D9, Phường Thống Nhất, Thành phố Biên Hòa, Đồng Nai",Đã bàn giao,129.032 đ/m²,,,Đã có sổ,62 m²,,Chung cư,Nội thất cao cấp,Căn góc,1 phòng,1 phòng,,,,,,,,,,8000000
89059757,1635477315586,Căn hộ/Chung cư,Phường Thống Nhất,Thành phố Biên Hòa,Đồng Nai,"Đường D9, Phường Thống Nhất, Thành phố Biên Hòa, Đồng Nai",Đã bàn giao,"32,53 triệu/m²",,,Đang chờ sổ,83 m²,,Chung cư,,,2 phòng,2 phòng,,,,,,,,,,2700000000
88965201,1635474002309,Căn hộ/Chung cư,Phường Tân Biên,Thành phố Biên Hòa,Đồng Nai,"Đường Xa Lộ Hà Nội, Phường Tân Biên, Thành phố Biên Hòa, Đồng Nai",Chưa bàn giao,"22,86 triệu/m²",Tây,Đông Nam,Đang chờ sổ,70 m²,,Chung cư,Hoàn thiện cơ bản,Căn góc,2 phòng,2 phòng,,,,,,,,,,1600000000
89089802,1635471311000,Căn hộ/Chung cư,Phường Thống Nhất,Thành phố Biên Hòa,Đồng Nai,"Đường Võ Thị Sáu, Phường Thống Nhất, Thành phố Biên Hòa, Đồng Nai",Đã bàn giao,"31,82 triệu/m²",,,Đã có sổ,77 m²,,Chung cư,Nội thất đầy đủ,,2 phòng,2 phòng,,,,,,,,,,2450000000
89082206,1635424864000,Căn hộ/Chung cư,Phường Hoá An,Thành phố Biên Hòa,Đồng Nai,"409, Nguyên Ái Quốc, Phường Hoá An, Thành phố Biên Hòa, Đồng Nai",Đã bàn giao,"10,74 triệu/m²",Tây,Đông,Đã có sổ,108 m²,4,Chung cư,Hoàn thiện cơ bản,,3 phòng,2 phòng,,,,,,,,,,1160000000
89073658,1635406243000,Căn hộ/Chung cư,Phường Thống Nhất,Thành phố Biên Hòa,Đồng Nai,"Đường Võ Thị Sáu, Phường Thống Nhất, Thành phố Biên Hòa, Đồng Nai",Đã bàn giao,"32,93 triệu/m²",Bắc,Đông,Giấy tờ khác,82 m²,11,Chung cư,Nội thất cao cấp,Căn góc,2 phòng,2 phòng,,,,,,,,,,2700000000
89038759,1635405219155,Căn hộ/Chung cư,Phường Hố Nai,Thành phố Biên Hòa,Đồng Nai,"368 Đường Xa Lộ Hà Nội, Phường Hố Nai, Thành phố Biên Hòa, Tỉnh Đồng Nai., Phường Hố Nai, Thành phố Biên Hòa, Đồng Nai",Chưa bàn giao,30 triệu/m²,,,Giấy tờ khác,70 m²,,Chung cư,Nội thất đầy đủ,,2 phòng,2 phòng,,,,,,,,,,2100000000
89069308,1635397495000,Căn hộ/Chung cư,Phường Thống Nhất,Thành phố Biên Hòa,Đồng Nai,"Đường D9, Phường Thống Nhất, Thành phố Biên Hòa, Đồng Nai",Đã bàn giao,"35,37 triệu/m²",,,Giấy tờ khác,82 m²,,Chung cư,Nội thất cao cấp,Căn góc,2 phòng,2 phòng,,,,,,,,,,2900000000
88137058,1635395609830,Căn hộ/Chung cư,Phường Hố Nai,Thành phố Biên Hòa,Đồng Nai,"368 Đường Xa Lộ Hà Nội, Phường Hố Nai, Thành phố Biên Hòa, Tỉnh Đồng Nai., Phường Hố Nai, Thành phố Biên Hòa, Đồng Nai",Chưa bàn giao,"21,53 triệu/m²",,,Đang chờ sổ,72 m²,,Chung cư,Nội thất cao cấp,Căn góc,2 phòng,2 phòng,,,,,,,,,,1550000000
89068145,1635395377000,Căn hộ/Chung cư,Phường Thống Nhất,Thành phố Biên Hòa,Đồng Nai,"Đường D9, Phường Thống Nhất, Thành phố Biên Hòa, Đồng Nai",Đã bàn giao,"34,15 triệu/m²",Tây,Đông,Giấy tờ khác,82 m²,10,Chung cư,Nội thất đầy đủ,Căn góc,2 phòng,2 phòng,,,,,,,,,,2800000000
87781532,1635393953871,Căn hộ/Chung cư,Phường Hố Nai,Thành phố Biên Hòa,Đồng Nai,"368 Đường Xa Lộ Hà Nội, Phường Hố Nai, Thành phố Biên Hòa, Tỉnh Đồng Nai., Phường Hố Nai, Thành phố Biên Hòa, Đồng Nai",Chưa bàn giao,"22,3 triệu/m²",,,Đang chờ sổ,74 m²,,Chung cư,Nội thất cao cấp,,2 phòng,2 phòng,,,,,,,,,,1650000000
88151952,1635392939901,Căn hộ/Chung cư,Phường Hố Nai,Thành phố Biên Hòa,Đồng Nai,"Đường Xa Lộ Hà Nội, Phường Hố Nai, Thành phố Biên Hòa, Đồng Nai",Chưa bàn giao,"33,78 triệu/m²",,,,74 m²,10,Chung cư,,,2 phòng,2 phòng,,,,,,,,,,2500000000
88865852,1635389630483,Căn hộ/Chung cư,Phường Quyết Thắng,Thành phố Biên Hòa,Đồng Nai,"Đường Võ Thị Sáu, Phường Quyết Thắng, Thành phố Biên Hòa, Đồng Nai",Đã bàn giao,"32,64 triệu/m²",Tây Bắc,,Đã có sổ,53 m²,,Chung cư,,,2 phòng,2 phòng,,,,,,,,,,1730000000
89061707,1635387480000,Căn hộ/Chung cư,Phường Tam Hòa,Thành phố Biên Hòa,Đồng Nai,"Đường Đồng Khởi, Phường Tam Hòa, Thành phố Biên Hòa, Đồng Nai",Đã bàn giao,"22,06 triệu/m²",,,Đã có sổ,68 m²,14,Chung cư,Nội thất đầy đủ,Căn góc,2 phòng,2 phòng,,,,,,,,,,1500000000
81668505,1635386811018,Căn hộ/Chung cư,Phường Hố Nai,Thành phố Biên Hòa,Đồng Nai,"Mặt tiền Xa Lộ Hà Nội, Phường Hố Nai, TP Biên Hòa, Đồng Nai., Phường Hố Nai, Thành phố Biên Hòa, Đồng Nai",Chưa bàn giao,"30,97 triệu/m²",Tây Bắc,Đông Nam,Đang chờ sổ,74 m²,9,Chung cư,Hoàn thiện cơ bản,,2 phòng,2 phòng,,,,,,,,,,2292000000
88825979,1635385841798,Căn hộ/Chung cư,Phường Tam Hòa,Thành phố Biên Hòa,Đồng Nai,"Đường Đồng Khởi, Phường Tam Hòa, Thành phố Biên Hòa, Đồng Nai",Đã bàn giao,"19,68 triệu/m²",,,Đang chờ sổ,62 m²,,Chung cư,,Căn góc,2 phòng,2 phòng,,,,,,,,,,1220000000
88794716,1635333927188,Căn hộ/Chung cư,Phường Quyết Thắng,Thành phố Biên Hòa,Đồng Nai,"Đường Võ Thị Sáu, Phường Quyết Thắng, Thành phố Biên Hòa, Đồng Nai",Đã bàn giao,"32,87 triệu/m²",,,Giấy tờ khác,94.5 m²,,Chung cư,,,3 phòng,2 phòng,,,,,,,,,,3090000000
89050153,1635333804000,Căn hộ/Chung cư,Phường Thống Nhất,Thành phố Biên Hòa,Đồng Nai,"Đường D9, Phường Thống Nhất, Thành phố Biên Hòa, Đồng Nai",Đã bàn giao,"34,15 triệu/m²",,,Đã có sổ,82 m²,11,Chung cư,,Căn góc,2 phòng,,,,,,,,,,,2800000000
89045493,1635326547000,Căn hộ/Chung cư,Phường Thống Nhất,Thành phố Biên Hòa,Đồng Nai,"Đường D9, Phường Thống Nhất, Thành phố Biên Hòa, Đồng Nai",Đã bàn giao,"35,23 triệu/m²",,,Đang chờ sổ,88 m²,3,Chung cư,,,2 phòng,2 phòng,,,,,,,,,,3100000000
89043881,1635324327000,Căn hộ/Chung cư,Phường Hố Nai,Thành phố Biên Hòa,Đồng Nai,"368 Đường Xa Lộ Hà Nội, Phường Hố Nai, Thành phố Biên Hòa, Tỉnh Đồng Nai., Phường Hố Nai, Thành phố Biên Hòa, Đồng Nai",Chưa bàn giao,"23,08 triệu/m²",Đông Nam,Tây Bắc,Đang chờ sổ,65 m²,7,Chung cư,Hoàn thiện cơ bản,,2 phòng,2 phòng,,,,,,,,,,1500000000
89042459,1635322783000,Căn hộ/Chung cư,Phường Quyết Thắng,Thành phố Biên Hòa,Đồng Nai,"Đường Võ Thị Sáu, Phường Quyết Thắng, Thành phố Biên Hòa, Đồng Nai",Đã bàn giao,"27,74 triệu/m²",Bắc,Nam,Đã có sổ,84 m²,7,Chung cư,Nội thất đầy đủ,,2 phòng,2 phòng,,,,,,,,,,2330000000
89039342,1635319436000,Căn hộ/Chung cư,Phường Hòa Bình,Thành phố Biên Hòa,Đồng Nai,"Đường Huỳnh Văn Lũy, Phường Hòa Bình, Thành phố Biên Hòa, Đồng Nai",Đã bàn giao,"20,4 triệu/m²",,,,50 m²,,Chung cư,,,2 phòng,1 phòng,,,,,,,,,,1020000000
89022789,1635296030000,Căn hộ/Chung cư,Phường Quang Vinh,Thành phố Biên Hòa,Đồng Nai,"Đường Nguyễn Ái Quốc, Phường Quang Vinh, Thành phố Biên Hòa, Đồng Nai",Đã bàn giao,33 triệu/m²,,,,50.4 m²,,Chung cư,,,2 phòng,,,,,,,,,,,1650000000
89017968,1635257042000,Căn hộ/Chung cư,Phường Quyết Thắng,Thành phố Biên Hòa,Đồng Nai,"Đường Võ Thị Sáu, Phường Quyết Thắng, Thành phố Biên Hòa, Đồng Nai",Đã bàn giao,"29,23 triệu/m²",Nam,Bắc,Đã có sổ,65 m²,7,Chung cư,Nội thất đầy đủ,,2 phòng,2 phòng,,,,,,,,,,1900000000
85192163,1635245763218,Căn hộ/Chung cư,Phường Hố Nai,Thành phố Biên Hòa,Đồng Nai,"368 Đường Xa Lộ Hà Nội, Phường Hố Nai, Thành phố Biên Hòa, Tỉnh Đồng Nai., Phường Hố Nai, Thành phố Biên Hòa, Đồng Nai",Chưa bàn giao,"31,51 triệu/m²",Tây Bắc,Đông Nam,Giấy tờ khác,73.51 m²,29,Chung cư,Hoàn thiện cơ bản,,2 phòng,2 phòng,,,,,,,,,,2300000000
89012965,1635239263000,Căn hộ/Chung cư,Phường Hố Nai,Thành phố Biên Hòa,Đồng Nai,"Xa Lộ Hà Nội, Phường Hố Nai, Thành phố Biên Hòa, Đồng Nai",Chưa bàn giao,"22,86 triệu/m²",,,,70 m²,,Chung cư,,,2 phòng,2 phòng,,,,,,,,,,1600000000
89012943,1635239201000,Căn hộ/Chung cư,Phường Hố Nai,Thành phố Biên Hòa,Đồng Nai,"Đường Xa Lộ Hà Nội, Phường Hố Nai, Thành phố Biên Hòa, Đồng Nai",Chưa bàn giao,"22,86 triệu/m²",,,,70 m²,,Chung cư,,,2 phòng,2 phòng,,,,,,,,,,1600000000
89008277,1635232234000,Căn hộ/Chung cư,Phường An Bình,Thành phố Biên Hòa,Đồng Nai,"Đường Lê Thị Vân, Phường An Bình, Thành phố Biên Hòa, Đồng Nai",Đã bàn giao,"21,43 triệu/m²",Nam,Bắc,Đã có sổ,77 m²,,Chung cư,Nội thất cao cấp,,2 phòng,1 phòng,,,,,,,,,,1650000000
89004490,1635225047000,Căn hộ/Chung cư,Phường Trảng Dài,Thành phố Biên Hòa,Đồng Nai,"KDC PHÚ GIA 2, Đường Nguyễn Khuyến, Phường Trảng Dài, Thành phố Biên Hòa, Đồng Nai",Đã bàn giao,"21,48 triệu/m²",Bắc,Đông Bắc,Đã có sổ,270 m²,2,Chung cư,Nội thất cao cấp,,4 phòng,5 phòng,,,,,,,,,,5800000000
88077902,1635216977886,Căn hộ/Chung cư,Phường Thống Nhất,Thành phố Biên Hòa,Đồng Nai,"Đường D9, Phường Thống Nhất, Thành phố Biên Hòa, Đồng Nai",Đã bàn giao,"31,75 triệu/m²",Nam,Tây,Đang chờ sổ,63 m²,,Chung cư,Nội thất đầy đủ,Căn góc,1 phòng,1 phòng,,,,,,,,,,2000000000
85717764,1635157017072,Căn hộ/Chung cư,Phường Hố Nai,Thành phố Biên Hòa,Đồng Nai,"368 Đường Xa Lộ Hà Nội, Phường Hố Nai, Thành phố Biên Hòa, Tỉnh Đồng Nai., Phường Hố Nai, Thành phố Biên Hòa, Đồng Nai",Chưa bàn giao,"25,74 triệu/m²",Đông Bắc,Nam,Đang chờ sổ,68 m²,15,Chung cư,Hoàn thiện cơ bản,,2 phòng,2 phòng,,,,,,,,,,1750000000
88981943,1635153156000,Căn hộ/Chung cư,Phường Thống Nhất,Thành phố Biên Hòa,Đồng Nai,"Đường Võ Thị Sáu, Phường Thống Nhất, Thành phố Biên Hòa, Đồng Nai",Đã bàn giao,"28,72 triệu/m²",,,,94 m²,,Chung cư,,,2 phòng,2 phòng,,,,,,,,,,2700000000
88699360,1635133386873,Căn hộ/Chung cư,Phường Tam Hòa,Thành phố Biên Hòa,Đồng Nai,"Đường Đồng Khởi, Phường Tam Hòa, Thành phố Biên Hòa, Đồng Nai",Đã bàn giao,"22,7 triệu/m²",,,Đang chờ sổ,63 m²,,Chung cư,,,2 phòng,2 phòng,,,,,,,,,,1430000000
88965310,1635130175000,Căn hộ/Chung cư,Phường Tam Hiệp,Thành phố Biên Hòa,Đồng Nai,"Đường Đồng Khởi, Phường Tam Hiệp, Thành phố Biên Hòa, Đồng Nai",Đã bàn giao,"18,57 triệu/m²",Nam,,,70 m²,,Chung cư,,,2 phòng,1 phòng,,,,,,,,,,1300000000
88964820,1635129450000,Căn hộ/Chung cư,Phường Tam Hòa,Thành phố Biên Hòa,Đồng Nai,"Đường Đồng Khởi, Phường Tam Hòa, Thành phố Biên Hòa, Đồng Nai",Đã bàn giao,"21,43 triệu/m²",Nam,,Đã có sổ,70 m²,,Chung cư,Nội thất đầy đủ,,2 phòng,2 phòng,,,,,,,,,,1500000000
86929825,1635129211745,Căn hộ/Chung cư,Phường Hố Nai,Thành phố Biên Hòa,Đồng Nai,"368 Đường Xa Lộ Hà Nội, Phường Hố Nai, Thành phố Biên Hòa, Tỉnh Đồng Nai., Phường Hố Nai, Thành phố Biên Hòa, Đồng Nai",Chưa bàn giao,"31,22 triệu/m²",Tây Bắc,Đông Nam,Đang chờ sổ,73 m²,9,Chung cư,Hoàn thiện cơ bản,,2 phòng,2 phòng,,,,,,,,,,2279000000
87023672,1635120678298,Căn hộ/Chung cư,Phường Tam Hiệp,Thành phố Biên Hòa,Đồng Nai,"hẻm, Phường Tam Hiệp, Thành phố Biên Hòa, Đồng Nai",Chưa bàn giao,"27,63 triệu/m²",Đông Nam,Đông Nam,Đã có sổ,152.8 m²,,Căn hộ dịch vụ,,,1 phòng,1 phòng,,,,,,,,,,4200000000
88956519,1635075513000,Căn hộ/Chung cư,Phường Tam Hòa,Thành phố Biên Hòa,Đồng Nai,"Đường Đồng Khởi, Phường Tam Hòa, Thành phố Biên Hòa, Đồng Nai",Đã bàn giao,"18,49 triệu/m²",,,Đang chờ sổ,53 m²,,Chung cư,Nội thất đầy đủ,,2 phòng,2 phòng,,,,,,,,,,980000000
85023573,1635046454095,Căn hộ/Chung cư,Phường Hố Nai,Thành phố Biên Hòa,Đồng Nai,"368 Đường Xa Lộ Hà Nội, Phường Hố Nai, Thành phố Biên Hòa, Tỉnh Đồng Nai., Phường Hố Nai, Thành phố Biên Hòa, Đồng Nai",Chưa bàn giao,"23,19 triệu/m²",,,Đang chờ sổ,69 m²,,Chung cư,Nội thất cao cấp,,2 phòng,2 phòng,,,,,,,,,,1600000000
88491853,1634961618443,Căn hộ/Chung cư,Phường Tam Hòa,Thành phố Biên Hòa,Đồng Nai,"Đường Đồng Khởi, Phường Tam Hòa, Thành phố Biên Hòa, Đồng Nai",Đã bàn giao,"19,14 triệu/m²",,,,70 m²,,Chung cư,,,2 phòng,2 phòng,,,,,,,,,,1340000000
88913758,1634960836000,Căn hộ/Chung cư,Phường Tam Hòa,Thành phố Biên Hòa,Đồng Nai,"Đường Đồng Khởi, Phường Tam Hòa, Thành phố Biên Hòa, Đồng Nai",Đã bàn giao,71.428 đ/m²,,,,70 m²,,Chung cư,,,2 phòng,2 phòng,,,,,,,,,,5000000
88900053,1634900960000,Căn hộ/Chung cư,Phường Tam Hòa,Thành phố Biên Hòa,Đồng Nai,"Đường Đồng Khởi, Phường Tam Hòa, Thành phố Biên Hòa, Đồng Nai",Đã bàn giao,"23,33 triệu/m²",,,Đang chờ sổ,63 m²,,Chung cư,,,2 phòng,2 phòng,,,,,,,,,,1470000000
88896568,1634894800000,Căn hộ/Chung cư,Phường Thống Nhất,Thành phố Biên Hòa,Đồng Nai,"Đường D9, Phường Thống Nhất, Thành phố Biên Hòa, Đồng Nai",Đã bàn giao,"36,02 triệu/m²",,,Đang chờ sổ,83 m²,,Chung cư,Nội thất cao cấp,Căn góc,2 phòng,2 phòng,,,,,,,,,,2990000000
87955563,1634893044252,Căn hộ/Chung cư,Phường Hố Nai,Thành phố Biên Hòa,Đồng Nai,"368 Đường Xa Lộ Hà Nội, Phường Hố Nai, Thành phố Biên Hòa, Tỉnh Đồng Nai., Phường Hố Nai, Thành phố Biên Hòa, Đồng Nai",Chưa bàn giao,"22,86 triệu/m2",,,,70 m2,,Chung cư,Hoàn thiện cơ bản,Căn góc,2 phòng,2 phòng,,,,,,,,,,1600000000
87047960,1634891956637,Căn hộ/Chung cư,Phường Hố Nai,Thành phố Biên Hòa,Đồng Nai,"368 Đường Xa Lộ Hà Nội, Phường Hố Nai, Thành phố Biên Hòa, Tỉnh Đồng Nai., Phường Hố Nai, Thành phố Biên Hòa, Đồng Nai",Chưa bàn giao,"34,06 triệu/m²",,,Giấy tờ khác,69 m²,,Chung cư,Hoàn thiện cơ bản,,2 phòng,2 phòng,,,,,,,,,,2350000000
88886906,1634881006000,Căn hộ/Chung cư,Phường Tam Hòa,Thành phố Biên Hòa,Đồng Nai,"đường đồng khởi, Phường Tam Hòa, Thành phố Biên Hòa, Đồng Nai",Chưa bàn giao,"21,43 triệu/m²",,,Đã có sổ,70 m²,,Chung cư,Nội thất đầy đủ,Căn góc,2 phòng,2 phòng,,,,,,,,,,1500000000
88883525,1634874538000,Căn hộ/Chung cư,Phường Quyết Thắng,Thành phố Biên Hòa,Đồng Nai,"Đường Võ Thị Sáu, Phường Quyết Thắng, Thành phố Biên Hòa, Đồng Nai",Chưa bàn giao,"23,53 triệu/m²",,,Đã có sổ,85 m²,,Chung cư,,,2 phòng,2 phòng,,,,,,,,,,2000000000
88879395,1634868059000,Căn hộ/Chung cư,Phường Tân Hiệp,Thành phố Biên Hòa,Đồng Nai,"Đường Đồng Khởi, Phường Tân Hiệp, Thành phố Biên Hòa, Đồng Nai",Đã bàn giao,"19,35 triệu/m²",,,Đang chờ sổ,62 m²,,Chung cư,,Căn góc,2 phòng,2 phòng,,,,,,,,,,1200000000
88873247,1634826468000,Căn hộ/Chung cư,Phường An Bình,Thành phố Biên Hòa,Đồng Nai,"412, Đường Lê Thị Vân, Phường An Bình, Thành phố Biên Hòa, Đồng Nai",Đã bàn giao,"18,87 triệu/m²",Nam,,Đã có sổ,84 m²,3,Chung cư,,,2 phòng,1 phòng,,,,,,,,,,1585000000
87509368,1634806025893,Căn hộ/Chung cư,Phường Tam Hòa,Thành phố Biên Hòa,Đồng Nai,"Đường Đồng Khởi, Phường Tam Hòa, Thành phố Biên Hòa, Đồng Nai",Đã bàn giao,"18,75 triệu/m²",,,Đã có sổ,40 m²,,Chung cư,,Căn góc,1 phòng,1 phòng,,,,,,,,,,750000000
88744036,1634800106679,Căn hộ/Chung cư,Phường Thống Nhất,Thành phố Biên Hòa,Đồng Nai,"Đường D9, Phường Thống Nhất, Thành phố Biên Hòa, Đồng Nai",Đã bàn giao,"29,03 triệu/m²",,,Đã có sổ,62 m²,,Chung cư,Nội thất cao cấp,Căn góc,1 phòng,1 phòng,,,,,,,,,,1800000000
88854221,1634789329000,Căn hộ/Chung cư,Xã Phước An,Huyện Nhơn Trạch,Đồng Nai,"Đường Nguyễn Văn Cừ, Xã Phước An, Huyện Nhơn Trạch, Đồng Nai",Chưa bàn giao,"8,08 triệu/m²",Tây,Nam,Đang chờ sổ,52 m²,,Chung cư,,,2 phòng,1 phòng,,,,,,,,,,420000000
88849321,1634782091000,Căn hộ/Chung cư,Xã Phước An,Huyện Nhơn Trạch,Đồng Nai,"Đường Hùng Vương, Xã Phước An, Huyện Nhơn Trạch, Đồng Nai",Chưa bàn giao,"11,67 triệu/m²",Đông,,Đang chờ sổ,36 m²,,Chung cư,,,2 phòng,1 phòng,,,,,,,,,,420000000
82011474,1634717475569,Căn hộ/Chung cư,Phường Hố Nai,Thành phố Biên Hòa,Đồng Nai,"Đường Xa Lộ Hà Nội, Phường Hố Nai, Thành phố Biên Hòa, Đồng Nai",Chưa bàn giao,"30,67 triệu/m²",Đông Nam,,Đã có sổ,75 m²,10,Chung cư,Nội thất cao cấp,,2 phòng,2 phòng,,,,,,,,,,2300000000
88821584,1634696916000,Căn hộ/Chung cư,Phường Quyết Thắng,Thành phố Biên Hòa,Đồng Nai,"Đường Võ Thị Sáu, Phường Quyết Thắng, Thành phố Biên Hòa, Đồng Nai",Đã bàn giao,"27,26 triệu/m²",,Nam,Đã có sổ,84 m²,,Chung cư,Nội thất đầy đủ,,2 phòng,2 phòng,,,,,,,,,,2290000000
88806639,1634633976000,Căn hộ/Chung cư,Phường Quyết Thắng,Thành phố Biên Hòa,Đồng Nai,"Đường Võ Thị Sáu, Phường Quyết Thắng, Thành phố Biên Hòa, Đồng Nai",Đã bàn giao,"32,31 triệu/m²",,,Đã có sổ,65 m²,,Chung cư,Nội thất đầy đủ,,2 phòng,2 phòng,,,,,,,,,,2100000000
88790847,1634610974000,Căn hộ/Chung cư,Phường Quyết Thắng,Thành phố Biên Hòa,Đồng Nai,"Đường Võ Thị Sáu, Phường Quyết Thắng, Thành phố Biên Hòa, Đồng Nai",Đã bàn giao,"28,1 triệu/m²",Bắc,Nam,Đã có sổ,84.5 m²,7,Chung cư,Nội thất đầy đủ,,2 phòng,2 phòng,,,,,,,,,,2360000000
88187723,1634601449669,Căn hộ/Chung cư,Phường Hố Nai,Thành phố Biên Hòa,Đồng Nai,"368 Đường Xa Lộ Hà Nội, Phường Hố Nai, Thành phố Biên Hòa, Tỉnh Đồng Nai., Phường Hố Nai, Thành phố Biên Hòa, Đồng Nai",Chưa bàn giao,"32,86 triệu/m²",Tây,Đông,,70 m²,,Chung cư,,,2 phòng,2 phòng,,,,,,,,,,2300000000
88774618,1634547200000,Căn hộ/Chung cư,Phường Hố Nai,Thành phố Biên Hòa,Đồng Nai,"368 Đường Xa Lộ Hà Nội, Phường Hố Nai, Thành phố Biên Hòa, Tỉnh Đồng Nai., Phường Hố Nai, Thành phố Biên Hòa, Đồng Nai",Chưa bàn giao,35 triệu/m²,,,,68 m²,,Chung cư,,,2 phòng,2 phòng,,,,,,,,,,2380000000
88774572,1634547145000,Căn hộ/Chung cư,Xã Long Đức,Huyện Long Thành,Đồng Nai,"Đường quốc lộ 51 xã Long Đức, huyện Long Thành, tỉnh Đồng Nai., Xã Long Đức, Huyện Long Thành, Đồng Nai",Chưa bàn giao,"41,67 triệu/m²",,,,120 m²,,Duplex,,,4 phòng,3 phòng,,,,,,,,,,5000000000
88771000,1634542914000,Căn hộ/Chung cư,Phường Hố Nai,Thành phố Biên Hòa,Đồng Nai,"Đường Xa Lộ Hà Nội, Phường Hố Nai, Thành phố Biên Hòa, Đồng Nai",Chưa bàn giao,"28,46 triệu/m²",Tây,Đông,Đang chờ sổ,65 m²,22,Chung cư,Hoàn thiện cơ bản,Căn góc,2 phòng,2 phòng,,,,,,,,,,1850000000
88733778,1634441758000,Căn hộ/Chung cư,Phường Thống Nhất,Thành phố Biên Hòa,Đồng Nai,"Đường D9, Phường Thống Nhất, Thành phố Biên Hòa, Đồng Nai",Đã bàn giao,"30,95 triệu/m²",Nam,Tây,Đang chờ sổ,63 m²,10,Chung cư,Nội thất đầy đủ,Căn góc,1 phòng,1 phòng,,,,,,,,,,1950000000
88723745,1634387387000,Căn hộ/Chung cư,Phường Thanh Bình,Thành phố Biên Hòa,Đồng Nai,"Đường Cách Mạng Tháng Tám, Phường Thanh Bình, Thành phố Biên Hòa, Đồng Nai",Đã bàn giao,"22,1 triệu/m²",,,Đã có sổ,81 m²,,Chung cư,,Căn góc,3 phòng,2 phòng,,,,,,,,,,1790000000
88081374,1634380763806,Căn hộ/Chung cư,Phường Thanh Bình,Thành phố Biên Hòa,Đồng Nai,"Lữ Mạnh, Phường Thanh Bình, Thành phố Biên Hòa, Đồng Nai",Đã bàn giao,"22,5 triệu/m²",,,Đã có sổ,80 m²,,Chung cư,,,3 phòng,2 phòng,,,,,,,,,,1800000000
88720338,1634377182000,Căn hộ/Chung cư,Phường Bửu Long,Thành phố Biên Hòa,Đồng Nai,"đường Nguyễn Bỉnh Khiêm, Phường Bửu Long, Thành phố Biên Hòa, Đồng Nai",Đã bàn giao,"25,8 triệu/m²",,,Đã có sổ,50 m²,2,Chung cư,Nội thất cao cấp,Căn góc,2 phòng,2 phòng,,,,,,,,,,1290000000
87288098,1634370818240,Căn hộ/Chung cư,Phường Hố Nai,Thành phố Biên Hòa,Đồng Nai,"368 Đường Xa Lộ Hà Nội, Phường Hố Nai, Thành phố Biên Hòa, Tỉnh Đồng Nai., Phường Hố Nai, Thành phố Biên Hòa, Đồng Nai",Chưa bàn giao,"32,64 triệu/m²",Đông Bắc,Đông Nam,,72 m²,,Chung cư,,,2 phòng,2 phòng,,,,,,,,,,2350000000
88085900,1634368971656,Căn hộ/Chung cư,Phường Hố Nai,Thành phố Biên Hòa,Đồng Nai,"Đường Xa Lộ Hà Nội, Phường Hố Nai, Thành phố Biên Hòa, Đồng Nai",Chưa bàn giao,"23,91 triệu/m²",,,Đang chờ sổ,69 m²,,Chung cư,,,2 phòng,2 phòng,,,,,,,,,,1650000000
88705636,1634353252000,Căn hộ/Chung cư,Phường Hoá An,Thành phố Biên Hòa,Đồng Nai,"Đường Nguyễn Ái Quốc, Phường Hoá An, Thành phố Biên Hòa, Đồng Nai",Đã bàn giao,"14,17 triệu/m²",,,Đã có sổ,60 m²,,Chung cư,Nội thất cao cấp,,2 phòng,1 phòng,,,,,,,,,,850000000
88686620,1634283528000,Căn hộ/Chung cư,Phường Bửu Long,Thành phố Biên Hòa,Đồng Nai,"Đường Nguyễn Ái Quốc, Phường Bửu Long, Thành phố Biên Hòa, Đồng Nai",Đã bàn giao,"25,8 triệu/m²",,,,50 m²,,Chung cư,,,2 phòng,1 phòng,,,,,,,,,,1290000000
88682603,1634277726000,Căn hộ/Chung cư,Phường Bửu Long,Thành phố Biên Hòa,Đồng Nai,"N8, Phường Bửu Long, Thành phố Biên Hòa, Đồng Nai",Đã bàn giao,"22,26 triệu/m²",,,Đã có sổ,53 m²,,Chung cư,,,2 phòng,1 phòng,,,,,,,,,,1180000000
88086125,1634261765172,Căn hộ/Chung cư,Phường Hố Nai,Thành phố Biên Hòa,Đồng Nai,"XA LỘ HÀ NỘI, Phường Hố Nai, Thành phố Biên Hòa, Đồng Nai",Chưa bàn giao,"23,33 triệu/m²",,,,72 m²,,Chung cư,,,2 phòng,2 phòng,,,,,,,,,,1680000000
88669769,1634257116000,Căn hộ/Chung cư,Phường Tam Hòa,Thành phố Biên Hòa,Đồng Nai,"Đường Đồng Khởi, Phường Tam Hòa, Thành phố Biên Hòa, Đồng Nai",Đã bàn giao,"25,4 triệu/m²",Đông Nam,,Đang chờ sổ,63 m²,3,Chung cư,Nội thất đầy đủ,Căn góc,2 phòng,2 phòng,,,,,,,,,,1600000000
88652284,1634190848000,Căn hộ/Chung cư,Phường Thống Nhất,Thành phố Biên Hòa,Đồng Nai,"Đường D9, Phường Thống Nhất, Thành phố Biên Hòa, Đồng Nai",Đã bàn giao,"29,49 triệu/m²",,,Đã có sổ,78 m²,12,Chung cư,Hoàn thiện cơ bản,,2 phòng,2 phòng,,,,,,,,,,2300000000
87490787,1634181509330,Căn hộ/Chung cư,Phường Hố Nai,Thành phố Biên Hòa,Đồng Nai,"Đường Xa Lộ Hà Nội, Phường Hố Nai, Thành phố Biên Hòa, Đồng Nai",Chưa bàn giao,9 triệu/m²,,,Giấy tờ khác,75 m²,,Chung cư,Hoàn thiện cơ bản,,2 phòng,2 phòng,,,,,,,,,,675000000
87901126,1634173067935,Căn hộ/Chung cư,Phường Hố Nai,Thành phố Biên Hòa,Đồng Nai,"368 Đường Xa Lộ Hà Nội, Phường Hố Nai, Thành phố Biên Hòa, Tỉnh Đồng Nai., Phường Hố Nai, Thành phố Biên Hòa, Đồng Nai",Chưa bàn giao,"30,77 triệu/m²",Đông,,,65 m²,,Chung cư,,,2 phòng,2 phòng,,,,,,,,,,2000000000
88639640,1634162839000,Căn hộ/Chung cư,Phường Thống Nhất,Thành phố Biên Hòa,Đồng Nai,"Đường Võ Thị Sáu, Phường Thống Nhất, Thành phố Biên Hòa, Đồng Nai",Đã bàn giao,"33,96 triệu/m²",,,,53 m²,,Chung cư,,,2 phòng,1 phòng,,,,,,,,,,1800000000
88639110,1634141069000,Căn hộ/Chung cư,Phường Thống Nhất,Thành phố Biên Hòa,Đồng Nai,"Đường D9, Phường Thống Nhất, Thành phố Biên Hòa, Đồng Nai",Đã bàn giao,"32,34 triệu/m²",,,Đã có sổ,77 m²,,Chung cư,Nội thất cao cấp,,2 phòng,2 phòng,,,,,,,,,,2490000000
88313382,1634120083676,Căn hộ/Chung cư,Phường Hố Nai,Thành phố Biên Hòa,Đồng Nai,"368 Đường Xa Lộ Hà Nội, Phường Hố Nai, Thành phố Biên Hòa, Tỉnh Đồng Nai., Phường Hố Nai, Thành phố Biên Hòa, Đồng Nai",Chưa bàn giao,"31,43 triệu/m²",,,Đang chờ sổ,70 m²,12,Chung cư,Nội thất cao cấp,,2 phòng,2 phòng,,,,,,,,,,2200000000
80106570,1634114696304,Căn hộ/Chung cư,Phường Hố Nai,Thành phố Biên Hòa,Đồng Nai,"Đường Xa Lộ Hà Nội, Phường Hố Nai, Thành phố Biên Hòa, Đồng Nai",Chưa bàn giao,"30,14 triệu/m²",,,Đã có sổ,73 m²,15,Chung cư,Hoàn thiện cơ bản,Căn góc,2 phòng,2 phòng,,,,,,,,,,2200000000
87448030,1634092286609,Căn hộ/Chung cư,Phường Hố Nai,Thành phố Biên Hòa,Đồng Nai,"368 Đường Xa Lộ Hà Nội, Phường Hố Nai, Thành phố Biên Hòa, Tỉnh Đồng Nai., Phường Hố Nai, Thành phố Biên Hòa, Đồng Nai",Chưa bàn giao,"36,27 triệu/m²",Đông Nam,Đông,Giấy tờ khác,73.8 m²,21,Chung cư,Nội thất đầy đủ,Căn góc,2 phòng,2 phòng,,,,,,,,,,2648000000
88608794,1634055465000,Căn hộ/Chung cư,Phường Hố Nai,Thành phố Biên Hòa,Đồng Nai,"368 Đường Xa Lộ Hà Nội, Phường Hố Nai, Thành phố Biên Hòa, Tỉnh Đồng Nai., Phường Hố Nai, Thành phố Biên Hòa, Đồng Nai",Chưa bàn giao,"35,71 triệu/m²",Bắc,Đông Nam,Giấy tờ khác,70 m²,,Chung cư,Nội thất đầy đủ,,2 phòng,2 phòng,,,,,,,,,,2500000000
88598129,1634026051000,Căn hộ/Chung cư,Phường Hố Nai,Thành phố Biên Hòa,Đồng Nai,"Xa lộ Hà Nội, Phường Hố Nai, Thành phố Biên Hòa, Đồng Nai",Chưa bàn giao,25 triệu/m²,,,Giấy tờ khác,68 m²,,Chung cư,Hoàn thiện cơ bản,,2 phòng,2 phòng,,,,,,,,,,1700000000
88592981,1634020145000,Căn hộ/Chung cư,Phường Tam Hòa,Thành phố Biên Hòa,Đồng Nai,"Đồng Khởi, Phường Tam Hòa, Thành phố Biên Hòa, Đồng Nai",Đã bàn giao,"21,7 triệu/m²",,,Đã có sổ,53 m²,,Chung cư,Nội thất cao cấp,,2 phòng,2 phòng,,,,,,,,,,1150000000
88587542,1634011515000,Căn hộ/Chung cư,Phường Bửu Long,Thành phố Biên Hòa,Đồng Nai,"Đường Huỳnh Văn nghệ, Phường Bửu Long, Thành phố Biên Hòa, Đồng Nai",Đã bàn giao,"25,8 triệu/m²",,,Đã có sổ,50 m²,,Chung cư,,Căn góc,2 phòng,1 phòng,,,,,,,,,,1290000000
88582773,1634004666000,Căn hộ/Chung cư,Xã Long Đức,Huyện Long Thành,Đồng Nai,"Đường quốc lộ 51 xã Long Đức, huyện Long Thành, tỉnh Đồng Nai., Xã Long Đức, Huyện Long Thành, Đồng Nai",Đã bàn giao,45 triệu/m²,,,Đã có sổ,100 m²,,Penthouse,Hoàn thiện cơ bản,Căn góc,3 phòng,2 phòng,,,,,,,,,,4500000000
88560167,1633929448000,Căn hộ/Chung cư,Phường Bửu Long,Thành phố Biên Hòa,Đồng Nai,"66, Đường Huỳnh Văn Nghệ, Phường Bửu Long, Thành phố Biên Hòa, Đồng Nai",Đã bàn giao,"32,25 triệu/m²",,,Đã có sổ,40 m²,,Chung cư,,,1 phòng,1 phòng,,,,,,,,,,1290000000
88559330,1633927466000,Căn hộ/Chung cư,Thị trấn Long Thành,Huyện Long Thành,Đồng Nai,"Đường Phạm Văn Đồng, Thị trấn Long Thành, Huyện Long Thành, Đồng Nai",Chưa bàn giao,"47,62 triệu/m²",Nam,Nam,Đang chờ sổ,105 m²,3,Căn hộ dịch vụ,,,4 phòng,2 phòng,,,,,,,,,,5000000000
80465430,1633918919304,Căn hộ/Chung cư,Phường Hố Nai,Thành phố Biên Hòa,Đồng Nai,"Xa Lộ Hà Nội, Phường Hố Nai, Thành phố Biên Hòa, Đồng Nai",Chưa bàn giao,"31,43 triệu/m²",,,Đã có sổ,70 m²,8,Chung cư,Nội thất cao cấp,Căn góc,2 phòng,2 phòng,,,,,,,,,,2200000000
88539280,1633849855000,Căn hộ/Chung cư,Phường Tam Hòa,Thành phố Biên Hòa,Đồng Nai,"Đường Đồng Khởi, Phường Tam Hòa, Thành phố Biên Hòa, Đồng Nai",Đã bàn giao,20 triệu/m²,,,Đang chờ sổ,70 m²,16,Chung cư,Nội thất cao cấp,Căn góc,2 phòng,2 phòng,,,,,,,,,,1400000000
87411331,1633773671607,Căn hộ/Chung cư,Xã Long Hưng,Thành phố Biên Hòa,Đồng Nai,"Đường Hương lộ 2, Xã Long Hưng, Thành phố Biên Hòa, Đồng Nai",Chưa bàn giao,"58,13 triệu/m²",,,,375 m²,3,Duplex,Bàn giao thô,Căn góc,3 phòng,3 phòng,,,,,,,,,,21800000000
87583853,1633771758405,Căn hộ/Chung cư,Phường Hố Nai,Thành phố Biên Hòa,Đồng Nai,"Đường Xa Lộ Hà Nội, Phường Hố Nai, Thành phố Biên Hòa, Đồng Nai",Chưa bàn giao,"20,25 triệu/m²",,,Đang chờ sổ,79 m²,,Chung cư,,,2 phòng,2 phòng,,,,,,,,,,1600000000
88069444,1633748375645,Căn hộ/Chung cư,Phường Thống Nhất,Thành phố Biên Hòa,Đồng Nai,"Đường D9, Phường Thống Nhất, Thành phố Biên Hòa, Đồng Nai",Đã bàn giao,"29,22 triệu/m²",,,Đang chờ sổ,77 m²,,Chung cư,,,2 phòng,2 phòng,,,,,,,,,,2250000000
80501206,1633747566702,Căn hộ/Chung cư,Phường Hố Nai,Thành phố Biên Hòa,Đồng Nai,"Đường Xa Lộ Hà Nội, Phường Hố Nai, Thành phố Biên Hòa, Đồng Nai",Chưa bàn giao,"33,41 triệu/m²",Đông Bắc,Tây Nam,Đang chờ sổ,68 m²,12,Chung cư,Hoàn thiện cơ bản,Căn góc,2 phòng,2 phòng,,,,,,,,,,2272000000
88069164,1633747176754,Căn hộ/Chung cư,Phường Quyết Thắng,Thành phố Biên Hòa,Đồng Nai,"Đường Võ Thị Sáu, Phường Quyết Thắng, Thành phố Biên Hòa, Đồng Nai",Đã bàn giao,"27,14 triệu/m²",Đông Nam,,Đã có sổ,70 m²,,Chung cư,,,2 phòng,2 phòng,,,,,,,,,,1900000000
88500083,1633740798000,Căn hộ/Chung cư,Xã Phước An,Huyện Nhơn Trạch,Đồng Nai,"Đường Nguyễn Văn Cừ, Xã Phước An, Huyện Nhơn Trạch, Đồng Nai",Đã bàn giao,"12,5 triệu/m²",,,Đang chờ sổ,52 m²,2,Chung cư,,,2 phòng,1 phòng,,,,,,,,,,650000000
88498883,1633729233000,Căn hộ/Chung cư,Xã Phước An,Huyện Nhơn Trạch,Đồng Nai,"Đường Nguyễn Văn Cừ, Xã Phước An, Huyện Nhơn Trạch, Đồng Nai",Đã bàn giao,"13,03 triệu/m²",,,Đang chờ sổ,33 m²,,Chung cư,,,1 phòng,1 phòng,,,,,,,,,,430000000
88415796,1633702225205,Căn hộ/Chung cư,Xã Đại Phước,Huyện Nhơn Trạch,Đồng Nai,"Bán đảo Đại Phước, Xã Đại Phước, Huyện Nhơn Trạch, Đồng Nai",Chưa bàn giao,"41,54 triệu/m²",Nam,Bắc,Giấy tờ khác,65.5 m²,,Chung cư,Hoàn thiện cơ bản,,2 phòng,2 phòng,,,,,,,,,,2700000000
88491797,1633686635000,Căn hộ/Chung cư,Phường Thống Nhất,Thành phố Biên Hòa,Đồng Nai,"Đường Võ Thị Sáu, Phường Thống Nhất, Thành phố Biên Hòa, Đồng Nai",Đã bàn giao,"30,32 triệu/m²",,,,94 m²,,Chung cư,,,2 phòng,2 phòng,,,,,,,,,,2850000000
88470223,1633617991000,Căn hộ/Chung cư,Phường Bửu Long,Thành phố Biên Hòa,Đồng Nai,"5, Đường D4, Phường Bửu Long, Thành phố Biên Hòa, Đồng Nai",Đã bàn giao,22 triệu/m²,Đông Bắc,Đông Bắc,Đã có sổ,50 m²,,Chung cư,,,2 phòng,1 phòng,,,,,,,,,,1100000000
83492995,1633606604485,Căn hộ/Chung cư,Phường Hố Nai,Thành phố Biên Hòa,Đồng Nai,"Đường Xa Lộ Hà Nội, Phường Hố Nai, Thành phố Biên Hòa, Đồng Nai",Chưa bàn giao,"5,21 triệu/m²",,,Đang chờ sổ,72.66 m²,,Chung cư,,,2 phòng,2 phòng,,,,,,,,,,375000000
88131822,1633605417181,Căn hộ/Chung cư,Phường Hố Nai,Thành phố Biên Hòa,Đồng Nai,"Đường Quốc Lộ 1, Phường Hố Nai, Thành phố Biên Hòa, Đồng Nai",Chưa bàn giao,"5,49 triệu/m²",,,Đang chờ sổ,71 m²,,Chung cư,,,2 phòng,2 phòng,,,,,,,,,,390000000
79928449,1633595908979,Căn hộ/Chung cư,Phường Hố Nai,Thành phố Biên Hòa,Đồng Nai,"Đường Xa Lộ Hà Nội, Phường Hố Nai, Thành phố Biên Hòa, Đồng Nai",Chưa bàn giao,"31,69 triệu/m²",,,Đang chờ sổ,71 m²,12,Chung cư,Nội thất cao cấp,,2 phòng,2 phòng,,,,,,,,,,2250000000
87888352,1633582311286,Căn hộ/Chung cư,Phường Hố Nai,Thành phố Biên Hòa,Đồng Nai,"Đường Xa Lộ Hà Nội, Phường Hố Nai, Thành phố Biên Hòa, Đồng Nai",Chưa bàn giao,"27,87 triệu/m²",,,Giấy tờ khác,61 m²,,Chung cư,,,2 phòng,2 phòng,,,,,,,,,,1700000000
88433939,1633507607000,Căn hộ/Chung cư,Phường Hố Nai,Thành phố Biên Hòa,Đồng Nai,"368 Đường Xa Lộ Hà Nội, Phường Hố Nai, Thành phố Biên Hòa, Tỉnh Đồng Nai., Phường Hố Nai, Thành phố Biên Hòa, Đồng Nai",Chưa bàn giao,"34,78 triệu/m²",Đông Nam,Tây,,69 m²,,Chung cư,,,2 phòng,2 phòng,,,,,,,,,,2400000000
81239705,1633485948356,Căn hộ/Chung cư,Phường Hố Nai,Thành phố Biên Hòa,Đồng Nai,"Mặt tiền xa lộ Hà Nội, TP Biên Hòa, Đồng Nai, Phường Hố Nai, Thành phố Biên Hòa, Đồng Nai",Chưa bàn giao,"29,36 triệu/m²",Bắc,Nam,Đang chờ sổ,78 m²,15,Chung cư,Nội thất cao cấp,,2 phòng,2 phòng,,,,,,,,,,2290000000
88416531,1633445955000,Căn hộ/Chung cư,Phường Bửu Long,Thành phố Biên Hòa,Đồng Nai,"Đường N2, Phường Bửu Long, Thành phố Biên Hòa, Đồng Nai",Đã bàn giao,"27,8 triệu/m²",,Nam,Đã có sổ,50 m²,1,Chung cư,Nội thất đầy đủ,Căn góc,2 phòng,1 phòng,,,,,,,,,,1390000000
88083922,1633399670958,Căn hộ/Chung cư,Phường Bửu Long,Thành phố Biên Hòa,Đồng Nai,"căn hộ 404 - 5t5, Đường D12, Phường Bửu Long, Thành phố Biên Hòa, Đồng Nai",Đã bàn giao,"19,2 triệu/m²",Đông,Tây,Đã có sổ,50 m²,3,Chung cư,Nội thất đầy đủ,,2 phòng,1 phòng,,,,,,,,,,960000000
88060438,1633398158265,Căn hộ/Chung cư,Phường Hố Nai,Thành phố Biên Hòa,Đồng Nai,"368 Đường Xa Lộ Hà Nội, Phường Hố Nai, Thành phố Biên Hòa, Tỉnh Đồng Nai., Phường Hố Nai, Thành phố Biên Hòa, Đồng Nai",Chưa bàn giao,"22,97 triệu/m²",,,Đã có sổ,74 m²,,Chung cư,Hoàn thiện cơ bản,,2 phòng,2 phòng,,,,,,,,,,1700000000
88363726,1633303751000,Căn hộ/Chung cư,Xã Phước An,Huyện Nhơn Trạch,Đồng Nai,"Đường Nguyễn Văn Cừ, Xã Phước An, Huyện Nhơn Trạch, Đồng Nai",Đã bàn giao,"15,19 triệu/m²",Đông Bắc,,Đang chờ sổ,52 m²,,Chung cư,Hoàn thiện cơ bản,,2 phòng,1 phòng,,,,,,,,,,790000000
88363553,1633292268000,Căn hộ/Chung cư,Phường Thống Nhất,Thành phố Biên Hòa,Đồng Nai,"Đường D9, Phường Thống Nhất, Thành phố Biên Hòa, Đồng Nai",Đã bàn giao,"30,65 triệu/m²",Đông Nam,Tây Nam,Đang chờ sổ,62 m²,,Chung cư,Nội thất cao cấp,,1 phòng,1 phòng,,,,,,,,,,1900000000
80355736,1633261892575,Căn hộ/Chung cư,Phường Hố Nai,Thành phố Biên Hòa,Đồng Nai,"Xa Lộ Hà Nội, TP Biên Hòa., Phường Hố Nai, Thành phố Biên Hòa, Đồng Nai",Chưa bàn giao,32 triệu/m²,Tây Bắc,Đông Nam,Đang chờ sổ,75 m²,12,Chung cư,Hoàn thiện cơ bản,,2 phòng,2 phòng,,,,,,,,,,2400000000
88294125,1633098956273,Căn hộ/Chung cư,Phường Hố Nai,Thành phố Biên Hòa,Đồng Nai,"Đường Xa Lộ Hà Nội, Phường Hố Nai, Thành phố Biên Hòa, Đồng Nai",Chưa bàn giao,538.461 đ/m²,,,Đã có sổ,65.41 m²,,Chung cư,Hoàn thiện cơ bản,,2 phòng,2 phòng,,,,,,,,,,35000000
82030865,1633056581487,Căn hộ/Chung cư,Phường Hố Nai,Thành phố Biên Hòa,Đồng Nai,"03 xa lộ hà nội, Phường Hố Nai, TP Biên Hòa., Phường Hố Nai, Thành phố Biên Hòa, Đồng Nai",Chưa bàn giao,"27,18 triệu/m²",Đông Nam,Tây Bắc,Đang chờ sổ,103 m²,,Chung cư,Hoàn thiện cơ bản,Căn góc,3 phòng,2 phòng,,,,,,,,,,2800000000
88298816,1633055339000,Căn hộ/Chung cư,Phường Hố Nai,Thành phố Biên Hòa,Đồng Nai,"368 Đường Xa Lộ Hà Nội, Phường Hố Nai, Thành phố Biên Hòa, Tỉnh Đồng Nai., Phường Hố Nai, Thành phố Biên Hòa, Đồng Nai",Chưa bàn giao,"34,78 triệu/m²",,,,69 m²,,Chung cư,,,2 phòng,2 phòng,,,,,,,,,,2400000000
79824479,1632969216516,Căn hộ/Chung cư,Phường Hố Nai,Thành phố Biên Hòa,Đồng Nai,"Đường Xa Lộ Hà Nội, Phường Hố Nai, Thành phố Biên Hòa, Đồng Nai",Chưa bàn giao,"21,73 triệu/m²",,,Đang chờ sổ,74 m²,,Chung cư,,,2 phòng,2 phòng,,,,,,,,,,1608000000
80892205,1632901683316,Căn hộ/Chung cư,Phường Hố Nai,Thành phố Biên Hòa,Đồng Nai,"Đường Quốc lộ 1A, Phường Hố Nai, Thành phố Biên Hòa, Đồng Nai",Chưa bàn giao,"30,14 triệu/m²",,,Đang chờ sổ,73 m²,9,Chung cư,Nội thất cao cấp,Căn góc,2 phòng,2 phòng,,,,,,,,,,2200000000
88256749,1632838642000,Căn hộ/Chung cư,Phường Hố Nai,Thành phố Biên Hòa,Đồng Nai,"368 Đường Xa Lộ Hà Nội, Phường Hố Nai, Thành phố Biên Hòa, Tỉnh Đồng Nai., Phường Hố Nai, Thành phố Biên Hòa, Đồng Nai",Chưa bàn giao,"21,43 triệu/m²",,,Giấy tờ khác,70 m²,7,Chung cư,Nội thất cao cấp,,2 phòng,2 phòng,,,,,,,,,,1500000000
88248172,1632808881000,Căn hộ/Chung cư,Phường Long Bình Tân,Thành phố Biên Hòa,Đồng Nai,"207A, Đường Xa Lộ Hà Nội, Phường Long Bình Tân, Thành phố Biên Hòa, Đồng Nai",Đã bàn giao,"21,74 triệu/m²",Đông Nam,Đông Nam,Đã có sổ,46 m²,8,Chung cư,Hoàn thiện cơ bản,,2 phòng,1 phòng,,,,,,,,,,1000000000
87876857,1632808858356,Căn hộ/Chung cư,Phường Tân Vạn,Thành phố Biên Hòa,Đồng Nai,"207A, Đường Xa Lộ Hà Nội, Phường Tân Vạn, Thành phố Biên Hòa, Đồng Nai",Đã bàn giao,"21,74 triệu/m²",Đông Nam,Đông Nam,Đã có sổ,46 m²,8,Chung cư,Hoàn thiện cơ bản,,2 phòng,1 phòng,,,,,,,,,,1000000000
83301912,1632726714974,Căn hộ/Chung cư,Phường Hố Nai,Thành phố Biên Hòa,Đồng Nai,"Đường Quốc lộ 1A, Phường Hố Nai, Thành phố Biên Hòa, Đồng Nai",Chưa bàn giao,"31,25 triệu/m²",,,Đang chờ sổ,72 m²,19,Chung cư,Nội thất cao cấp,,2 phòng,2 phòng,,,,,,,,,,2250000000
86631680,1632629199317,Căn hộ/Chung cư,Phường Tam Hòa,Thành phố Biên Hòa,Đồng Nai,"Đường Đồng Khởi, Phường Tam Hòa, Thành phố Biên Hòa, Đồng Nai",Đã bàn giao,"17,92 triệu/m²",,,Đã có sổ,53 m²,,Chung cư,,Căn góc,2 phòng,2 phòng,,,,,,,,,,950000000
88100647,1632616537748,Căn hộ/Chung cư,Phường Hố Nai,Thành phố Biên Hòa,Đồng Nai,"368 Đường Xa Lộ Hà Nội, Phường Hố Nai, Thành phố Biên Hòa, Tỉnh Đồng Nai., Phường Hố Nai, Thành phố Biên Hòa, Đồng Nai",Chưa bàn giao,"24,69 triệu/m²",,,,78.5 m²,,Chung cư,,,2 phòng,2 phòng,,,,,,,,,,1926000000
85671545,1632556644812,Căn hộ/Chung cư,Phường Hố Nai,Thành phố Biên Hòa,Đồng Nai,"368 Đường Xa Lộ Hà Nội, Phường Hố Nai, Thành phố Biên Hòa, Tỉnh Đồng Nai., Phường Hố Nai, Thành phố Biên Hòa, Đồng Nai",Chưa bàn giao,"31,43 triệu/m²",,,Đang chờ sổ,70 m²,6,Chung cư,Nội thất cao cấp,Căn góc,2 phòng,2 phòng,,,,,,,,,,2200000000
88189916,1632486783036,Căn hộ/Chung cư,Phường Hố Nai,Thành phố Biên Hòa,Đồng Nai,"368 Đường Xa Lộ Hà Nội, Phường Hố Nai, Thành phố Biên Hòa, Tỉnh Đồng Nai., Phường Hố Nai, Thành phố Biên Hòa, Đồng Nai",Chưa bàn giao,"24,07 triệu/m²",,,Giấy tờ khác,70 m²,,Chung cư,,,2 phòng,2 phòng,,,,,,,,,,1685000000
88144934,1632483425720,Căn hộ/Chung cư,Phường Hố Nai,Thành phố Biên Hòa,Đồng Nai,"Đường Quốc Lộ 1, Phường Hố Nai, Thành phố Biên Hòa, Đồng Nai",Chưa bàn giao,"21,19 triệu/m²",,,Đang chờ sổ,75.83 m²,,Chung cư,,,2 phòng,2 phòng,,,,,,,,,,1589487365
88188712,1632481239399,Căn hộ/Chung cư,Phường Hố Nai,Thành phố Biên Hòa,Đồng Nai,"368 Đường Xa Lộ Hà Nội, Phường Hố Nai, Thành phố Biên Hòa, Tỉnh Đồng Nai., Phường Hố Nai, Thành phố Biên Hòa, Đồng Nai",Chưa bàn giao,"23,37 triệu/m²",,,,68 m²,,Chung cư,,,2 phòng,2 phòng,,,,,,,,,,1589000000
88178626,1632450292000,Căn hộ/Chung cư,Phường Hố Nai,Thành phố Biên Hòa,Đồng Nai,"Đường Xa Lộ Hà Nội, Phường Hố Nai, Thành phố Biên Hòa, Đồng Nai",Chưa bàn giao,"24,62 triệu/m²",,,Giấy tờ khác,65 m²,,Chung cư,Hoàn thiện cơ bản,,2 phòng,2 phòng,,,,,,,,,,1600000000
88174658,1632404914000,Căn hộ/Chung cư,Phường Hố Nai,Thành phố Biên Hòa,Đồng Nai,"368 Đường Xa Lộ Hà Nội, Phường Hố Nai, Thành phố Biên Hòa, Tỉnh Đồng Nai., Phường Hố Nai, Thành phố Biên Hòa, Đồng Nai",Chưa bàn giao,"23,08 triệu/m²",,,,65 m²,,Chung cư,,,2 phòng,2 phòng,,,,,,,,,,1500000000
88174608,1632404686000,Căn hộ/Chung cư,Phường Hố Nai,Thành phố Biên Hòa,Đồng Nai,"368 Đường Xa Lộ Hà Nội, Phường Hố Nai, Thành phố Biên Hòa, Tỉnh Đồng Nai., Phường Hố Nai, Thành phố Biên Hòa, Đồng Nai",Chưa bàn giao,"21,92 triệu/m²",,,,73 m²,,Chung cư,,,2 phòng,2 phòng,,,,,,,,,,1600000000
88174518,1632404343000,Căn hộ/Chung cư,Phường Hố Nai,Thành phố Biên Hòa,Đồng Nai,"368 Đường Xa Lộ Hà Nội, Phường Hố Nai, Thành phố Biên Hòa, Tỉnh Đồng Nai., Phường Hố Nai, Thành phố Biên Hòa, Đồng Nai",Chưa bàn giao,"23,19 triệu/m²",,,,69 m²,,Chung cư,,,2 phòng,2 phòng,,,,,,,,,,1600000000
84049950,1632403505044,Căn hộ/Chung cư,Phường Tam Hòa,Thành phố Biên Hòa,Đồng Nai,"Đường Đồng Khởi, Phường Tam Hòa, Thành phố Biên Hòa, Đồng Nai",Đã bàn giao,"22,16 triệu/m²",,,,37.5 m²,,Chung cư,,,1 phòng,1 phòng,,,,,,,,,,820000000
88063958,1632392461650,Căn hộ/Chung cư,Phường Hố Nai,Thành phố Biên Hòa,Đồng Nai,"368 Đường Xa Lộ Hà Nội, Phường Hố Nai, Thành phố Biên Hòa, Tỉnh Đồng Nai., Phường Hố Nai, Thành phố Biên Hòa, Đồng Nai",Chưa bàn giao,"22,86 triệu/m²",,,Đang chờ sổ,70 m²,19,Chung cư,Nội thất cao cấp,Căn góc,2 phòng,2 phòng,,,,,,,,,,1600000000
88158308,1632302136000,Căn hộ/Chung cư,Xã Cẩm Đường,Huyện Long Thành,Đồng Nai,"Đường Hương lộ 10, Xã Cẩm Đường, Huyện Long Thành, Đồng Nai",Đã bàn giao,1.721 đ/m²,Đông Bắc,,Đã có sổ,1452 m²,,Duplex,,,3 phòng,3 phòng,,,,,,,,,,2500000
88150896,1632277708000,Căn hộ/Chung cư,Phường Quyết Thắng,Thành phố Biên Hòa,Đồng Nai,"1314, Đường Võ Thị Sáu, Phường Quyết Thắng, Thành phố Biên Hòa, Đồng Nai",Chưa bàn giao,30 triệu/m²,Nam,,Đã có sổ,50 m²,,Chung cư,,,1 phòng,1 phòng,,,,,,,,,,1500000000
87472290,1632275206218,Căn hộ/Chung cư,Phường Hố Nai,Thành phố Biên Hòa,Đồng Nai,"368 Đường Xa Lộ Hà Nội, Phường Hố Nai, Thành phố Biên Hòa, Tỉnh Đồng Nai., Phường Hố Nai, Thành phố Biên Hòa, Đồng Nai",Đã bàn giao,"35,71 triệu/m²",Đông Bắc,,Giấy tờ khác,70 m²,1,Chung cư,Hoàn thiện cơ bản,,2 phòng,2 phòng,,,,,,,,,,2500000000
80103273,1632217163008,Căn hộ/Chung cư,Phường Hố Nai,Thành phố Biên Hòa,Đồng Nai,"Đường Xa Lộ Hà Nội, Phường Hố Nai, Thành phố Biên Hòa, Đồng Nai",Chưa bàn giao,"33,33 triệu/m²",,,Đang chờ sổ,81 m²,9,Chung cư,Nội thất cao cấp,,3 phòng,2 phòng,,,,,,,,,,2700000000
88141875,1632205476090,Căn hộ/Chung cư,Phường Thống Nhất,Thành phố Biên Hòa,Đồng Nai,"Đường D9, Phường Thống Nhất, Thành phố Biên Hòa, Đồng Nai",Đã bàn giao,"30,15 triệu/m²",,,Giấy tờ khác,52 m²,,Chung cư,,,2 phòng,1 phòng,,,,,,,,,,1568000000
88141782,1632205128199,Căn hộ/Chung cư,Phường Thống Nhất,Thành phố Biên Hòa,Đồng Nai,"Đường D9, Phường Thống Nhất, Thành phố Biên Hòa, Đồng Nai",Đã bàn giao,"22,3 triệu/m²",,,Giấy tờ khác,74 m²,,Chung cư,,,2 phòng,2 phòng,,,,,,,,,,1650000000
88110698,1631971769000,Căn hộ/Chung cư,Phường Hố Nai,Thành phố Biên Hòa,Đồng Nai,"368 Đường Xa Lộ Hà Nội, Phường Hố Nai, Thành phố Biên Hòa, Tỉnh Đồng Nai., Phường Hố Nai, Thành phố Biên Hòa, Đồng Nai",Chưa bàn giao,"24,29 triệu/m²",Tây Bắc,Đông Nam,Đang chờ sổ,70 m²,,Chung cư,Hoàn thiện cơ bản,,2 phòng,2 phòng,,,,,,,,,,1700000000
88108740,1631960800000,Căn hộ/Chung cư,Phường Hố Nai,Thành phố Biên Hòa,Đồng Nai,"Đường Xa Lộ Hà Nội, Phường Hố Nai, Thành phố Biên Hòa, Đồng Nai",Chưa bàn giao,25 triệu/m²,,,Đã có sổ,68 m²,,Chung cư,,Căn góc,2 phòng,2 phòng,,,,,,,,,,1700000000
88107294,1631953714000,Căn hộ/Chung cư,Phường Bửu Long,Thành phố Biên Hòa,Đồng Nai,"21/5, Đường N1, Phường Bửu Long, Thành phố Biên Hòa, Đồng Nai",Chưa bàn giao,"24,33 triệu/m²",Tây,Tây,Đã có sổ,150 m²,3,Duplex,,,3 phòng,3 phòng,,,,,,,,,,3650000000
88099893,1631895426178,Căn hộ/Chung cư,Phường Hố Nai,Thành phố Biên Hòa,Đồng Nai,"Đường Xa Lộ Hà Nội, Phường Hố Nai, Thành phố Biên Hòa, Đồng Nai",Chưa bàn giao,"35,7 triệu/m²",,,Đang chờ sổ,70 m²,,Chung cư,Hoàn thiện cơ bản,Căn góc,2 phòng,2 phòng,,,,,,,,,,2499340000
88099370,1631888537000,Căn hộ/Chung cư,Phường Hố Nai,Thành phố Biên Hòa,Đồng Nai,"368 Đường Xa Lộ Hà Nội, Phường Hố Nai, Thành phố Biên Hòa, Tỉnh Đồng Nai., Phường Hố Nai, Thành phố Biên Hòa, Đồng Nai",Chưa bàn giao,"23,8 triệu/m²",Tây Bắc,Đông Nam,Giấy tờ khác,81.22 m²,16,Chung cư,Nội thất cao cấp,,3 phòng,2 phòng,,,,,,,,,,1928000000
88096959,1631872787000,Căn hộ/Chung cư,Phường Hố Nai,Thành phố Biên Hòa,Đồng Nai,"XA LỘ HÀ NỘI, Phường Hố Nai, Thành phố Biên Hòa, Đồng Nai",Chưa bàn giao,"33,73 triệu/m²",,,Đang chờ sổ,75 m²,,Chung cư,Nội thất cao cấp,,2 phòng,2 phòng,,,,,,,,,,2530000000
88093179,1631855643000,Căn hộ/Chung cư,Phường Hố Nai,Thành phố Biên Hòa,Đồng Nai,"368 Đường Xa Lộ Hà Nội, Phường Hố Nai, Thành phố Biên Hòa, Tỉnh Đồng Nai.",Chưa bàn giao,"33,33 triệu/m²",Tây Bắc,,Đang chờ sổ,75 m²,,Chung cư,Hoàn thiện cơ bản,Căn góc,2 phòng,2 phòng,,,,,,,,,,2500000000
87976250,1631852899219,Căn hộ/Chung cư,Phường Hố Nai,Thành phố Biên Hòa,Đồng Nai,"368 Đường Xa Lộ Hà Nội, Phường Hố Nai, Thành phố Biên Hòa, Tỉnh Đồng Nai., Phường Hố Nai, Thành phố Biên Hòa, Đồng Nai",Chưa bàn giao,"23,65 triệu/m²",,,,74 m²,,Chung cư,,,2 phòng,2 phòng,,,,,,,,,,1750000000
88089471,1631840415000,Căn hộ/Chung cư,Phường Hố Nai,Thành phố Biên Hòa,Đồng Nai,"368 Đường Xa Lộ Hà Nội, Phường Hố Nai, Thành phố Biên Hòa, Tỉnh Đồng Nai., Phường Hố Nai, Thành phố Biên Hòa, Đồng Nai",Chưa bàn giao,"24,29 triệu/m²",Nam,Đông Bắc,,70 m²,,Chung cư,,,2 phòng,2 phòng,,,,,,,,,,1700000000
88086474,1631792756000,Căn hộ/Chung cư,Phường Hố Nai,Thành phố Biên Hòa,Đồng Nai,"Đường Quốc Lộ 1, Phường Hố Nai, Thành phố Biên Hòa, Đồng Nai",Chưa bàn giao,"5,28 triệu/m²",,,Đang chờ sổ,71 m²,,Chung cư,,,2 phòng,2 phòng,,,,,,,,,,375000000
88078441,1631752605000,Căn hộ/Chung cư,Phường Hố Nai,Thành phố Biên Hòa,Đồng Nai,"368 Đường Xa Lộ Hà Nội, Phường Hố Nai, Thành phố Biên Hòa, Tỉnh Đồng Nai., Phường Hố Nai, Thành phố Biên Hòa, Đồng Nai",Chưa bàn giao,"20,84 triệu/m²",Đông Bắc,,,75.83 m²,,Chung cư,,,2 phòng,2 phòng,,,,,,,,,,1563000000
88071850,1631683923000,Căn hộ/Chung cư,Phường Bửu Long,Thành phố Biên Hòa,Đồng Nai,"nguyễn ái quốc, Phường Bửu Long, Thành phố Biên Hòa, Đồng Nai",Đã bàn giao,"27,8 triệu/m²",Tây Bắc,,Đã có sổ,50 m²,,Chung cư,Nội thất cao cấp,Căn góc,2 phòng,1 phòng,,,,,,,,,,1390000000
88051438,1631503801000,Căn hộ/Chung cư,Phường Hố Nai,Thành phố Biên Hòa,Đồng Nai,"368 Đường Xa Lộ Hà Nội, Phường Hố Nai, Thành phố Biên Hòa, Tỉnh Đồng Nai., Phường Hố Nai, Thành phố Biên Hòa, Đồng Nai",Chưa bàn giao,"21,43 triệu/m²",,,Đang chờ sổ,70 m²,,Chung cư,,,2 phòng,2 phòng,,,,,,,,,,1500000000
88030552,1631276546000,Căn hộ/Chung cư,Phường Hố Nai,Thành phố Biên Hòa,Đồng Nai,"368 Đường Xa Lộ Hà Nội, Phường Hố Nai, Thành phố Biên Hòa, Tỉnh Đồng Nai.",Chưa bàn giao,"22,4 triệu/m²",,,Giấy tờ khác,73 m²,,Chung cư,Hoàn thiện cơ bản,Căn góc,2 phòng,2 phòng,,,,,,,,,,1635000000
88025554,1631244492000,Căn hộ/Chung cư,Phường Hố Nai,Thành phố Biên Hòa,Đồng Nai,"368 Đường Xa Lộ Hà Nội, Phường Hố Nai, Thành phố Biên Hòa, Tỉnh Đồng Nai.",Chưa bàn giao,"22,86 triệu/m²",Đông Nam,,Đang chờ sổ,70 m²,,Chung cư,Nội thất cao cấp,Căn góc,2 phòng,2 phòng,,,,,,,,,,1600000000
87154529,1631238748847,Căn hộ/Chung cư,Phường Hố Nai,Thành phố Biên Hòa,Đồng Nai,"368 Đường Xa Lộ Hà Nội, Phường Hố Nai, Thành phố Biên Hòa, Tỉnh Đồng Nai., Phường Hố Nai, Thành phố Biên Hòa, Đồng Nai",Chưa bàn giao,"5,22 triệu/m²",,,Đang chờ sổ,67 m²,,Chung cư,Nội thất cao cấp,Căn góc,2 phòng,2 phòng,,,,,,,,,,350000000
87512738,1631177969176,Căn hộ/Chung cư,Phường Thống Nhất,Thành phố Biên Hòa,Đồng Nai,"Đường Xa Lộ Hà Nội, Phường Thống Nhất, Thành phố Biên Hòa, Đồng Nai",Chưa bàn giao,"20,81 triệu/m²",,,Đã có sổ,73 m²,10,Chung cư,Nội thất cao cấp,,2 phòng,2 phòng,,,,,,,,,,1519000000
88019549,1631171927333,Căn hộ/Chung cư,Phường Hố Nai,Thành phố Biên Hòa,Đồng Nai,"Đường Xa Lộ Hà Nội, Phường Hố Nai, Thành phố Biên Hòa, Đồng Nai",Đã bàn giao,"25,6 triệu/m2",,,,68.06 m2,,Chung cư,,,2 phòng,2 phòng,,,,,,,,,,1741000000
88013552,1631099383000,Căn hộ/Chung cư,Phường Thống Nhất,Thành phố Biên Hòa,Đồng Nai,"Đường D9, Phường Thống Nhất, Thành phố Biên Hòa, Đồng Nai",Đã bàn giao,"31,82 triệu/m²",,,Giấy tờ khác,77 m²,,Chung cư,,,2 phòng,2 phòng,,,,,,,,,,2450000000
83560852,1631072207483,Căn hộ/Chung cư,Phường Hố Nai,Thành phố Biên Hòa,Đồng Nai,"Xa Lộ Hà Nội, Phường Hố Nai, Thành phố Biên Hòa, Đồng Nai",Chưa bàn giao,"27,14 triệu/m²",Đông Nam,,Đã có sổ,70 m²,,Chung cư,Nội thất cao cấp,,2 phòng,2 phòng,,,,,,,,,,1900000000
87806665,1631020945828,Căn hộ/Chung cư,Phường Hố Nai,Thành phố Biên Hòa,Đồng Nai,"368 Đường Xa Lộ Hà Nội, Phường Hố Nai, Thành phố Biên Hòa, Tỉnh Đồng Nai.",Chưa bàn giao,"22,97 triệu/m²",,,,74 m²,,Chung cư,,,2 phòng,2 phòng,,,,,,,,,,1700000000
88006409,1631017908000,Căn hộ/Chung cư,Phường Thống Nhất,Thành phố Biên Hòa,Đồng Nai,"Đường D9, Phường Thống Nhất, Thành phố Biên Hòa, Đồng Nai",Đã bàn giao,"31,17 triệu/m²",,,Đang chờ sổ,77 m²,,Chung cư,Nội thất đầy đủ,,2 phòng,2 phòng,,,,,,,,,,2400000000
88005413,1631007965000,Căn hộ/Chung cư,Phường Hố Nai,Thành phố Biên Hòa,Đồng Nai,"368 Đường Xa Lộ Hà Nội, Phường Hố Nai, Thành phố Biên Hòa, Tỉnh Đồng Nai., Phường Hố Nai, Thành phố Biên Hòa, Đồng Nai",Chưa bàn giao,"22,54 triệu/m²",,,,71 m²,,Chung cư,Nội thất cao cấp,,2 phòng,2 phòng,,,,,,,,,,1600000000
88005254,1631006942000,Căn hộ/Chung cư,Phường Hố Nai,Thành phố Biên Hòa,Đồng Nai,"368 Đường Xa Lộ Hà Nội, Phường Hố Nai, Thành phố Biên Hòa, Tỉnh Đồng Nai., Phường Hố Nai, Thành phố Biên Hòa, Đồng Nai",Chưa bàn giao,"21,43 triệu/m²",Đông Nam,Đông Nam,Đang chờ sổ,70 m²,29,Chung cư,Nội thất cao cấp,Căn góc,2 phòng,2 phòng,,,,,,,,,,1500000000
88005143,1631006208000,Căn hộ/Chung cư,Phường Hố Nai,Thành phố Biên Hòa,Đồng Nai,"368 Đường Xa Lộ Hà Nội, Phường Hố Nai, Thành phố Biên Hòa, Tỉnh Đồng Nai., Phường Hố Nai, Thành phố Biên Hòa, Đồng Nai",Chưa bàn giao,"24,62 triệu/m²",Đông,Đông,Đang chờ sổ,65 m²,10,Chung cư,Nội thất đầy đủ,Căn góc,2 phòng,2 phòng,,,,,,,,,,1600000000
87457951,1631003187315,Căn hộ/Chung cư,Phường Hố Nai,Thành phố Biên Hòa,Đồng Nai,"Đường Xa Lộ Hà Nội, Phường Hố Nai, Thành phố Biên Hòa, Đồng Nai",Chưa bàn giao,436.619 đ/m²,Tây,Đông,Giấy tờ khác,71 m²,18,Chung cư,,Căn góc,2 phòng,2 phòng,,,,,,,,,,31000000
87290666,1631000792699,Căn hộ/Chung cư,Phường Hố Nai,Thành phố Biên Hòa,Đồng Nai,"368 Đường Xa Lộ Hà Nội, Phường Hố Nai, Thành phố Biên Hòa, Tỉnh Đồng Nai., Phường Hố Nai, Thành phố Biên Hòa, Đồng Nai",Chưa bàn giao,"30,52 triệu/m²",Tây,Đông,Giấy tờ khác,69.09 m²,,Chung cư,,,2 phòng,2 phòng,,,,,,,,,,2105600000
87997459,1630920116000,Căn hộ/Chung cư,Phường Hố Nai,Thành phố Biên Hòa,Đồng Nai,"Đường Xa Lộ Hà Nội, Phường Hố Nai, Thành phố Biên Hòa, Đồng Nai",Chưa bàn giao,"36,23 triệu/m²",,,Đang chờ sổ,69 m²,,Chung cư,Nội thất cao cấp,,2 phòng,2 phòng,,,,,,,,,,2500000000
87996317,1630912578000,Căn hộ/Chung cư,Phường An Bình,Thành phố Biên Hòa,Đồng Nai,"Đường Trần Quốc Toản, Phường An Bình, Thành phố Biên Hòa, Đồng Nai",Đã bàn giao,"16,67 triệu/m²",Tây,Đông,Đã có sổ,45 m²,4,Chung cư,Nội thất đầy đủ,,1 phòng,1 phòng,,,,,,,,,,750000000
87955636,1630894172396,Căn hộ/Chung cư,Phường Hố Nai,Thành phố Biên Hòa,Đồng Nai,"368 Đường Xa Lộ Hà Nội, Phường Hố Nai, Thành phố Biên Hòa, Tỉnh Đồng Nai.",Chưa bàn giao,"21,43 triệu/m²",,,Đã có sổ,70 m²,,Chung cư,Nội thất cao cấp,,2 phòng,2 phòng,,,,,,,,,,1500000000
87864478,1629123485822,Căn hộ/Chung cư,Phường Hố Nai,Thành phố Biên Hòa,Đồng Nai,"368 Đường Xa Lộ Hà Nội, Phường Hố Nai, Thành phố Biên Hòa, Tỉnh Đồng Nai., Phường Hố Nai, Thành phố Biên Hòa, Đồng Nai",Chưa bàn giao,"22,86 triệu/m²",,,,70 m²,,Chung cư,,,2 phòng,2 phòng,,,,,,,,,,1600000000
